State Fiscal Year Ending,District Code,District,Total Staffing,Intake/Case Maintenance,Services Program,Services Administration,Employment Programs,Medicaid Eligibility Determination and Payment Authorization,Medicaid Policy Planning and Administration,Training,Supplemental Nutrition Assistance Program,Child Support,Fraud and Abuse,Home Energy Assistance Program,Welfare Management System,Other Reimbursable Programs,TANF Funded Services,Administrative Overhead,Non-Administrative Local Program,Overall Overhead
2024,23,Lewis,59,3,18,1,2,6,0,1,9,3,1,2,2,1,1,9,0,0
2024,24,Livingston,102,8,33,11,0,8,0,1,8,6,1,2,0,0,1,24,0,0
2024,25,Madison,113,7,31,19,3,10,0,1,13,10,0,5,2,1,0,7,2,1
2024,26,Monroe,860,198,313,33,26,56,0,2,80,49,20,12,8,6,20,36,3,0
2024,27,Montgomery,101,6,32,2,3,11,1,1,11,8,2,3,2,0,0,20,0,0
2024,28,Nassau,616,101,164,66,32,96,2,3,47,30,6,11,2,1,0,54,0,0
2024,29,Niagara,391,83,112,26,12,22,0,1,44,31,9,11,3,5,7,24,0,0
2024,30,Oneida,348,82,97,6,12,21,0,1,40,34,10,16,5,1,0,24,0,0
2024,31,Onondaga,643,90,181,36,70,57,6,2,82,42,16,9,0,1,5,43,3,0
2024,32,Ontario,141,15,47,17,9,13,0,15,7,11,1,1,0,1,1,3,0,0
2024,33,Orange,405,53,150,36,0,35,0,3,31,24,10,6,11,2,0,42,1,2
2024,34,Orleans,76,8,26,2,0,10,0,0,6,7,2,2,1,1,0,11,0,0
2024,35,Oswego,310,27,150,12,3,16,0,2,30,23,5,5,4,2,2,28,1,0
2024,36,Otsego,114,7,53,1,4,5,0,2,9,5,1,4,1,0,0,23,0,0
2024,37,Putnam,75,4,22,5,3,12,0,0,5,5,1,0,2,0,1,13,0,0
2024,38,Rensselaer,167,13,61,5,6,12,0,1,21,9,7,5,2,0,0,23,0,1
2024,39,Rockland,300,29,117,2,9,28,1,2,36,18,8,2,9,2,0,31,6,2
2024,40,St. Lawrence,235,16,80,16,10,26,0,2,16,19,5,9,3,0,0,34,1,0
2024,41,Saratoga,188,18,61,13,2,33,0,1,24,16,3,5,3,2,0,8,0,0
2024,42,Schenectady,197,22,114,6,0,10,0,1,15,10,6,2,0,0,0,12,0,0
2024,43,Schoharie,72,5,26,9,2,7,0,1,6,5,1,3,1,0,0,8,0,0
2024,44,Schuyler,51,4,14,3,3,5,0,1,3,4,2,1,0,0,0,8,2,1
2024,45,Seneca,58,4,24,0,0,10,0,1,5,5,0,2,1,0,0,6,0,0
2024,46,Steuben,182,21,67,4,6,17,0,1,15,18,6,4,0,3,0,19,0,1
2024,47,Suffolk,1244,176,521,11,19,178,20,1,109,78,13,9,1,10,0,99,0,0
2024,48,Sullivan,153,9,61,2,3,13,0,1,14,12,6,7,5,0,3,15,0,1
2024,49,Tioga,80,4,27,6,2,5,1,1,8,5,1,2,1,0,0,17,0,0
2024,50,Tompkins,172,21,69,10,6,12,3,1,14,8,0,4,1,0,0,0,4,20
2024,51,Ulster,279,27,131,8,1,44,0,1,20,21,3,4,2,0,0,18,0,0
2024,52,Warren,131,14,38,3,4,20,0,4,11,9,4,4,1,0,8,12,0,0
2024,53,Washington,134,16,44,7,4,16,0,1,14,10,3,3,3,2,1,9,0,0
2024,54,Wayne,129,16,45,7,2,19,0,1,15,9,1,2,2,1,0,7,0,0
2024,55,Westchester,929,149,349,45,29,102,9,4,66,49,23,9,5,3,1,88,0,0
2024,56,Wyoming,74,10,13,2,2,13,0,2,7,8,1,2,0,3,4,0,0,7
2024,57,Yates,48,5,17,1,3,5,0,0,5,2,0,1,0,0,0,7,0,0
2024,66,New York City,19093,4704,3031,1676,256,1200,1,172,1307,442,365,19,3,8,44,28,2410,3427
2024,02,Allegany,100,6,29,6,5,6,1,0,13,13,2,5,1,1,0,12,0,0
2024,01,Albany,358,35,132,6,17,21,1,3,15,19,6,10,0,2,0,37,41,12
2024,20,Hamilton,12,0,0,4,0,2,0,0,1,1,0,0,0,0,0,3,0,0
2024,19,Greene,82,5,37,1,2,6,3,1,4,4,3,1,2,0,0,11,0,0
2024,18,Genesee,107,8,33,10,3,16,0,0,12,7,2,1,2,5,0,6,0,0
2024,17,Fulton,109,6,33,1,3,10,1,1,13,10,5,5,4,0,6,12,0,0
2024,16,Franklin,129,9,50,0,4,14,0,2,15,7,1,7,4,0,0,13,2,0
2024,15,Essex,73,3,27,0,1,10,1,1,5,6,1,2,1,0,0,15,0,0
2024,14,Erie,1269,178,326,140,98,90,0,6,138,90,57,28,0,14,4,96,4,0
2024,13,Dutchess,341,29,87,53,5,25,0,2,34,32,6,5,1,1,1,60,0,0
2024,12,Delaware,91,2,33,6,3,7,0,1,10,5,1,2,0,0,0,22,0,0
2024,11,Cortland,109,18,40,12,3,8,0,1,7,7,1,2,2,1,1,5,0,0
2024,22,Jefferson,201,24,74,7,1,17,0,1,31,13,2,5,2,2,0,20,2,0
2024,03,Broome,282,25,84,31,18,27,4,2,22,18,1,5,6,0,1,37,1,0
2024,21,Herkimer,107,8,26,9,4,10,1,1,10,10,1,4,4,1,0,19,0,0
2024,10,Columbia,141,14,39,19,4,12,0,1,15,9,3,4,3,0,0,18,0,0
2024,09,Clinton,157,13,61,13,6,13,1,1,10,10,1,5,1,7,1,15,0,0
2024,08,Chenango,85,4,33,2,2,5,0,1,6,7,2,2,3,0,0,17,0,0
2024,07,Chemung,156,20,48,17,2,16,0,2,16,14,4,3,0,2,0,12,0,0
2024,06,Chautauqua,316,43,115,5,19,30,4,1,26,26,8,9,0,2,0,28,0,0
2024,05,Cayuga,129,21,40,6,3,11,0,1,14,10,4,3,4,2,0,7,1,0
2024,04,Cattaraugus,179,27,56,5,11,20,0,0,20,14,2,5,0,2,0,15,0,0
2023,37,Putnam,77,4,23,5,4,12,1,0,5,5,1,1,2,0,1,15,0,0
2023,35,Oswego,256,28,112,11,5,13,0,2,26,19,5,5,3,2,1,25,0,0
2023,34,Orleans,72,7,25,0,0,10,0,0,5,8,2,2,1,2,0,9,0,0
2023,33,Orange,396,48,150,35,0,34,0,3,33,26,10,5,9,3,0,38,1,2
2023,32,Ontario,142,13,45,16,8,14,0,16,9,11,1,2,0,1,1,4,0,0
2023,31,Onondaga,616,77,168,36,61,52,6,1,88,43,14,12,0,8,5,40,3,0
2023,30,Oneida,347,75,85,14,13,21,0,1,43,32,10,19,6,3,0,26,0,0
2023,29,Niagara,383,85,109,25,13,23,0,1,44,31,10,8,3,3,7,23,0,0
2023,28,Nassau,624,100,158,70,31,104,2,3,47,33,6,11,2,0,0,57,0,0
2023,27,Montgomery,104,5,33,1,4,11,1,1,12,8,2,2,2,1,0,21,0,0
2023,26,Monroe,784,183,279,27,26,41,0,2,84,49,19,14,7,4,17,27,4,0
2023,25,Madison,115,8,32,18,3,10,0,2,11,11,0,5,2,3,0,7,2,1
2023,24,Livingston,101,7,37,8,0,7,0,1,9,5,1,2,0,0,1,22,0,0
2023,23,Lewis,60,5,19,1,4,5,0,1,7,3,1,3,1,1,0,9,0,0
2023,22,Jefferson,194,19,74,7,4,15,0,1,28,12,3,8,3,1,0,19,1,0
2023,21,Herkimer,102,7,24,11,5,8,1,1,11,10,1,4,3,2,0,17,0,0
2023,20,Hamilton,13,0,0,5,0,2,0,0,2,1,0,0,0,0,0,3,0,0
2023,19,Greene,87,6,38,1,2,8,2,1,5,5,4,2,2,0,0,12,0,0
2023,18,Genesee,104,6,34,11,3,19,0,0,13,7,2,1,1,2,0,5,0,0
2023,01,Albany,365,32,141,7,17,20,1,3,18,18,6,9,0,2,0,38,42,12
2023,02,Allegany,99,7,27,7,6,5,1,0,12,13,3,4,1,0,0,12,0,0
2023,03,Broome,293,27,93,32,14,27,5,2,20,19,1,5,7,0,0,40,1,0
2023,04,Cattaraugus,178,28,56,4,10,20,0,0,22,14,2,4,0,3,0,14,0,0
2023,05,Cayuga,119,16,42,5,4,11,0,1,14,9,4,2,3,1,0,7,0,0
2023,06,Chautauqua,304,38,106,6,15,31,4,1,23,26,8,6,0,7,0,32,0,0
2023,07,Chemung,157,20,49,17,2,15,0,2,16,14,3,2,1,3,0,13,0,0
2023,08,Chenango,93,5,31,2,10,5,0,1,7,7,2,2,3,0,0,17,0,0
2023,09,Clinton,148,12,62,10,4,12,1,1,11,10,1,4,1,3,1,14,0,0
2023,10,Columbia,134,11,36,19,3,14,0,2,14,8,2,4,3,0,0,18,0,0
2023,11,Cortland,107,17,39,12,3,9,0,1,8,6,1,2,2,1,1,4,0,0
2023,12,Delaware,95,2,33,6,2,6,0,1,9,5,1,1,0,1,0,28,0,0
2023,13,Dutchess,333,26,87,42,5,29,0,2,30,32,6,6,1,0,1,66,0,0
2023,14,Erie,1188,157,309,133,94,83,0,5,124,84,55,38,0,5,3,94,4,0
2023,15,Essex,77,3,29,0,1,9,1,1,6,7,2,1,1,1,0,15,0,0
2023,16,Franklin,128,9,49,0,4,13,0,1,14,9,1,9,4,0,0,14,2,0
2023,17,Fulton,110,6,36,1,4,9,1,1,14,11,4,3,4,1,4,12,0,0
2023,66,New York City,18928,4391,2979,1699,255,1218,4,184,1433,446,399,15,2,6,47,31,2311,3506
2023,57,Yates,45,4,16,1,1,5,0,1,6,3,0,1,0,1,0,8,0,0
2023,56,Wyoming,60,8,12,2,1,10,0,0,7,5,1,1,1,3,4,0,0,5
2023,55,Westchester,924,151,354,45,35,104,8,2,62,52,15,10,6,0,1,79,0,0
2023,54,Wayne,123,17,43,7,1,20,0,1,14,8,1,3,1,0,0,7,0,0
2023,53,Washington,125,13,40,7,5,16,0,1,14,10,3,2,3,0,2,8,0,0
2023,52,Warren,129,12,38,3,4,21,0,3,11,9,3,3,1,1,7,12,0,0
2023,51,Ulster,274,24,128,8,1,43,0,1,18,21,3,6,2,0,0,19,0,0
2023,50,Tompkins,172,21,67,11,5,11,3,1,15,9,0,6,1,0,0,0,4,19
2023,49,Tioga,78,3,25,6,2,4,1,1,10,6,1,2,1,0,0,17,0,0
2023,48,Sullivan,156,12,65,1,3,14,0,1,12,12,6,7,4,0,4,14,0,1
2023,47,Suffolk,1242,183,488,14,19,177,24,1,121,82,14,13,3,4,0,97,0,0
2023,46,Steuben,181,24,65,4,7,12,0,1,17,20,3,3,1,2,0,21,0,0
2023,45,Seneca,56,5,24,0,0,8,0,1,5,5,1,1,1,0,0,5,0,1
2023,44,Schuyler,49,3,14,3,3,5,0,0,4,4,2,1,1,1,0,7,1,1
2023,43,Schoharie,74,4,26,9,2,7,0,1,6,5,1,4,0,0,0,8,0,0
2023,42,Schenectady,187,21,104,6,0,9,0,1,16,11,6,3,0,0,0,9,0,0
2023,41,Saratoga,194,19,64,12,4,30,1,1,23,16,4,7,2,3,0,8,0,0
2023,40,St. Lawrence,238,15,85,19,9,26,0,2,17,19,5,9,2,0,0,27,2,0
2023,39,Rockland,295,26,121,2,8,27,0,2,33,18,8,2,7,2,0,29,8,2
2023,38,Rensselaer,182,18,67,4,7,13,0,1,23,11,7,5,2,0,0,21,0,1
2023,36,Otsego,102,6,46,1,3,4,0,2,6,5,1,3,1,2,0,22,0,0
2022,18,Genesee,102,6,34,10,3,20,0,0,11,8,2,1,1,1,0,6,0,0
2022,2,Allegany,95,7,25,6,5,6,1,0,13,13,2,1,1,3,0,13,0,0
2022,09,Clinton,150,13,64,11,5,14,1,1,10,10,1,5,1,1,1,14,0,0
2022,08,Chenango,79,5,29,2,2,5,0,1,5,7,2,2,3,0,0,16,1,0
2022,07,Chemung,146,17,43,15,1,17,0,1,18,13,3,3,1,2,0,11,0,0
2022,06,Chautauqua,291,32,102,7,15,31,5,1,21,26,8,9,0,2,0,32,0,0
2022,1,Albany,396,42,149,7,21,20,1,3,16,20,8,6,0,10,0,40,42,12
2022,05,Cayuga,135,20,46,4,5,13,0,1,14,10,4,4,3,0,0,8,0,1
2022,04,Cattaraugus,174,29,55,5,10,19,0,0,21,14,2,5,0,2,0,12,0,0
2022,03,Broome,318,30,102,33,16,31,5,2,22,23,1,5,7,0,0,41,1,0
2022,02,Allegany,95,7,25,6,5,6,1,0,13,13,2,1,1,3,0,13,0,0
2022,01,Albany,396,42,149,7,21,20,1,3,16,20,8,6,0,10,0,40,42,12
2022,9,Clinton,150,13,64,11,5,14,1,1,10,10,1,5,1,1,1,14,0,0
2022,8,Chenango,79,5,29,2,2,5,0,1,5,7,2,2,3,0,0,16,1,0
2022,7,Chemung,146,17,43,15,1,17,0,1,18,13,3,3,1,2,0,11,0,0
2022,6,Chautauqua,291,32,102,7,15,31,5,1,21,26,8,9,0,2,0,32,0,0
2022,5,Cayuga,135,20,46,4,5,13,0,1,14,10,4,4,3,0,0,8,0,1
2022,4,Cattaraugus,174,29,55,5,10,19,0,0,21,14,2,5,0,2,0,12,0,0
2022,3,Broome,318,30,102,33,16,31,5,2,22,23,1,5,7,0,0,41,1,0
2022,66,New York City,20470,5086,3165,1837,267,1356,4,196,1549,378,480,16,2,9,53,35,2470,3569
2022,57,Yates,46,3,16,1,1,5,0,0,5,3,0,1,0,0,0,8,0,0
2022,56,Wyoming,75,8,12,3,2,12,0,3,9,7,2,1,1,4,5,0,0,6
2022,55,Westchester,912,134,343,43,48,108,8,1,74,52,16,6,4,0,1,74,0,0
2022,54,Wayne,127,18,47,7,1,19,0,1,13,8,2,2,2,0,0,6,0,0
2022,53,Washington,137,15,44,8,4,17,0,1,13,13,4,4,2,0,2,10,0,0
2022,52,Warren,123,14,35,3,2,21,0,4,11,10,3,1,0,3,5,12,0,0
2022,51,Ulster,267,23,124,6,2,42,0,1,17,21,3,6,2,0,0,21,0,0
2022,50,Tompkins,172,19,61,13,6,12,3,1,15,9,2,2,2,3,0,0,5,20
2022,49,Tioga,79,4,27,6,2,4,1,1,9,6,1,2,1,0,0,17,0,0
2022,48,Sullivan,158,11,64,1,3,14,0,1,14,12,6,3,3,5,3,14,0,1
2022,47,Suffolk,1295,194,473,22,20,201,26,1,122,94,16,11,4,14,0,97,0,0
2022,46,Steuben,180,18,62,6,9,15,0,1,17,20,4,3,1,3,0,23,0,0
2022,45,Seneca,59,4,29,0,0,6,1,1,6,4,1,1,1,0,0,5,0,0
2022,44,Schuyler,51,3,14,3,3,5,0,0,4,4,2,1,0,1,0,8,1,1
2022,43,Schoharie,74,5,27,6,2,7,0,1,6,5,1,1,1,3,0,10,0,0
2022,42,Schenectady,204,24,108,7,0,12,1,1,18,13,6,3,1,0,0,11,0,0
2022,41,Saratoga,199,18,69,13,4,32,1,1,24,17,4,2,2,5,0,8,1,0
2022,40,St. Lawrence,231,13,75,18,11,29,0,2,20,20,5,8,3,0,0,29,1,0
2022,39,Rockland,304,28,125,2,9,28,0,3,33,19,8,1,9,4,0,28,4,3
2022,38,Rensselaer,190,17,69,5,9,16,0,1,25,10,6,6,3,0,0,23,0,1
2022,37,Putnam,80,4,22,5,4,13,1,0,5,5,1,0,2,0,1,16,0,0
2022,36,Otsego,106,7,50,1,2,5,0,1,10,4,1,4,1,0,0,20,0,0
2022,35,Oswego,277,27,123,13,5,15,0,2,27,19,5,5,3,6,1,26,1,0
2022,34,Orleans,71,7,25,0,0,10,0,0,3,8,2,1,1,3,0,9,0,0
2022,33,Orange,389,60,145,34,0,34,0,2,28,25,9,4,10,0,0,36,0,2
2022,32,Ontario,139,12,47,14,9,14,0,11,9,12,1,1,0,2,1,4,0,0
2022,31,Onondaga,539,74,161,36,11,55,5,2,75,43,12,11,0,10,5,34,5,0
2022,30,Oneida,350,74,102,9,12,21,0,1,42,32,10,19,5,1,0,23,0,0
2022,29,Niagara,392,86,111,23,13,24,0,1,44,32,9,12,3,1,8,25,0,0
2022,28,Nassau,660,112,168,78,31,108,2,3,48,35,7,1,3,5,0,60,0,0
2022,27,Montgomery,105,4,30,1,4,11,2,1,13,9,3,0,2,5,0,21,0,0
2022,26,Monroe,832,184,313,31,32,49,0,4,81,46,19,17,7,1,17,23,8,0
2022,25,Madison,114,8,33,18,3,9,0,2,11,11,0,4,2,2,0,8,3,1
2022,24,Livingston,102,9,41,6,0,7,0,1,7,5,1,2,0,0,1,22,0,0
2022,23,Lewis,60,6,19,1,3,5,0,1,5,4,1,0,2,3,0,9,0,0
2022,22,Jefferson,190,18,73,7,3,14,0,1,28,12,4,1,3,6,0,17,1,0
2022,21,Herkimer,108,6,28,13,3,8,0,1,11,11,1,4,3,1,0,17,0,0
2022,20,Hamilton,12,0,0,4,0,2,0,0,1,1,0,1,0,0,0,3,0,0
2022,19,Greene,90,4,40,1,1,8,2,2,5,5,4,2,2,0,0,13,0,0
2022,17,Fulton,112,5,39,1,4,10,1,1,13,11,5,4,4,1,2,12,0,0
2022,16,Franklin,133,10,50,0,4,16,0,2,13,9,1,9,4,0,0,13,1,0
2022,15,Essex,79,3,27,0,1,10,2,1,6,8,2,1,2,0,0,15,0,0
2022,14,Erie,1190,163,291,137,92,90,0,4,132,86,54,38,0,1,3,93,5,0
2022,13,Dutchess,329,25,92,39,6,29,0,2,27,31,5,4,1,3,1,63,0,0
2022,12,Delaware,92,3,36,6,2,7,0,1,8,5,3,2,0,0,0,19,0,0
2022,11,Cortland,109,18,39,13,2,8,0,1,8,7,1,2,2,1,0,6,0,0
2022,10,Columbia,137,11,34,19,3,11,0,2,18,9,3,4,3,0,0,20,0,0
2021,09,Clinton,141,12,56,10,3,15,1,1,8,11,1,4,1,2,1,15,0,0
2021,66,New York City,21519,4439,3224,1842,864,1771,4,193,1385,596,809,16,2,17,59,46,2788,3466
2021,57,Yates,45,4,15,1,2,5,0,1,5,4,0,1,0,0,0,7,0,0
2021,56,Wyoming,77,9,13,2,2,13,0,1,10,6,2,2,1,2,6,0,0,7
2021,55,Westchester,935,152,349,42,47,106,8,1,71,53,22,6,3,1,1,72,0,0
2021,54,Wayne,138,19,46,7,2,26,0,1,14,9,2,3,2,0,0,7,0,0
2021,53,Washington,126,13,40,7,5,17,0,1,12,12,5,3,1,0,2,8,0,0
2021,52,Warren,120,14,38,3,2,22,0,0,11,10,3,3,0,0,3,10,0,0
2021,51,Ulster,280,26,130,6,2,42,0,1,20,20,3,5,2,0,0,22,0,0
2021,50,Tompkins,172,19,66,10,6,10,4,1,15,8,2,5,2,0,0,0,5,20
2021,1,Albany,410,50,155,7,24,20,1,3,15,24,8,11,0,1,0,38,42,11
2021,2,Allegany,97,7,26,5,5,7,1,0,13,13,2,3,1,1,0,12,0,0
2021,3,Broome,328,34,100,36,19,34,5,3,23,24,1,5,6,0,0,38,1,0
2021,4,Cattaraugus,175,26,55,5,11,19,0,0,22,14,2,6,0,2,0,13,0,0
2021,5,Cayuga,137,21,46,4,5,13,0,1,14,11,4,4,3,0,0,9,0,1
2021,6,Chautauqua,282,29,101,6,13,31,5,1,22,26,8,8,0,0,0,32,0,0
2021,7,Chemung,156,17,44,21,2,18,0,1,17,15,4,4,1,1,0,11,0,0
2021,8,Chenango,81,5,26,3,3,5,0,1,5,8,2,2,3,0,0,17,1,0
2021,9,Clinton,141,12,56,10,3,15,1,1,8,11,1,4,1,2,1,15,0,0
2021,01,Albany,410,50,155,7,24,20,1,3,15,24,8,11,0,1,0,38,42,11
2021,02,Allegany,97,7,26,5,5,7,1,0,13,13,2,3,1,1,0,12,0,0
2021,03,Broome,328,34,100,36,19,34,5,3,23,24,1,5,6,0,0,38,1,0
2021,04,Cattaraugus,175,26,55,5,11,19,0,0,22,14,2,6,0,2,0,13,0,0
2021,05,Cayuga,137,21,46,4,5,13,0,1,14,11,4,4,3,0,0,9,0,1
2021,06,Chautauqua,282,29,101,6,13,31,5,1,22,26,8,8,0,0,0,32,0,0
2021,07,Chemung,156,17,44,21,2,18,0,1,17,15,4,4,1,1,0,11,0,0
2021,08,Chenango,81,5,26,3,3,5,0,1,5,8,2,2,3,0,0,17,1,0
2021,49,Tioga,82,4,26,6,2,5,1,1,9,5,1,2,1,0,0,18,0,0
2021,48,Sullivan,164,11,64,3,2,14,0,1,16,12,7,8,3,0,2,19,0,1
2021,47,Suffolk,1336,213,471,24,21,217,27,1,130,99,17,13,5,1,0,98,0,0
2021,46,Steuben,183,21,60,7,7,15,0,1,16,22,4,5,0,0,0,24,0,0
2021,45,Seneca,61,4,30,0,0,5,1,1,5,6,1,1,1,0,0,7,0,0
2021,44,Schuyler,49,3,15,3,2,5,0,0,4,4,2,1,1,0,0,7,2,1
2021,43,Schoharie,74,5,26,6,2,7,0,0,6,6,1,3,1,1,0,10,0,0
2021,42,Schenectady,222,28,122,7,0,12,1,1,16,14,7,3,1,0,0,9,0,0
2021,41,Saratoga,203,16,72,13,3,30,1,1,24,19,4,7,3,1,0,8,1,0
2021,40,St. Lawrence,219,12,63,18,10,27,0,2,20,20,5,8,3,0,0,31,1,0
2021,39,Rockland,327,33,130,2,11,34,0,3,33,22,8,3,10,0,0,28,8,3
2021,38,Rensselaer,205,25,67,7,8,18,0,1,25,12,7,5,3,0,0,25,0,1
2021,37,Putnam,80,5,20,6,4,14,1,1,5,5,1,0,2,1,1,15,0,0
2021,36,Otsego,110,6,56,1,2,5,0,1,9,5,1,5,1,0,0,18,0,0
2021,35,Oswego,285,28,124,14,5,15,0,2,31,21,6,5,4,0,1,28,1,0
2021,34,Orleans,69,7,24,0,0,10,0,0,3,9,2,2,1,1,0,10,0,0
2021,33,Orange,408,66,150,35,0,35,0,2,31,26,8,4,11,0,0,37,1,2
2021,32,Ontario,140,17,45,15,10,14,0,4,10,12,1,2,0,1,2,6,0,0
2021,31,Onondaga,571,81,172,37,13,61,8,1,83,47,14,9,0,0,5,34,6,0
2021,30,Oneida,375,78,111,13,15,22,0,1,42,34,10,18,8,0,0,24,0,0
2021,29,Niagara,385,85,107,21,14,25,0,1,42,31,9,14,3,1,8,26,0,0
2021,28,Nassau,697,129,212,53,16,108,1,4,57,40,8,0,3,0,0,65,0,0
2021,27,Montgomery,101,5,28,2,4,11,2,1,14,8,3,3,2,0,0,18,0,0
2021,26,Monroe,839,173,335,28,20,61,0,5,73,49,19,18,7,1,15,30,4,0
2021,25,Madison,117,9,34,19,3,10,0,2,11,11,0,6,2,0,0,8,2,1
2021,24,Livingston,107,17,43,6,0,6,0,1,3,5,0,2,0,0,1,23,0,0
2021,23,Lewis,56,4,16,1,2,5,0,1,7,4,1,2,2,1,0,9,0,0
2021,22,Jefferson,192,16,72,5,4,13,0,1,33,13,3,7,3,0,0,22,1,0
2021,21,Herkimer,109,7,26,14,5,9,0,1,12,11,1,4,3,0,0,16,0,0
2021,20,Hamilton,10,0,0,3,0,1,0,0,1,1,0,1,0,0,0,3,0,0
2021,19,Greene,87,4,37,1,1,7,2,1,6,5,5,2,2,0,0,14,0,0
2021,18,Genesee,101,6,34,9,3,21,0,0,11,7,2,1,1,1,0,6,0,0
2021,17,Fulton,110,5,39,1,3,10,1,1,11,9,5,5,5,0,1,13,0,0
2021,16,Franklin,135,11,52,0,4,17,0,2,12,10,2,9,5,0,0,12,1,0
2021,15,Essex,85,3,30,1,2,11,2,1,5,9,3,2,2,0,0,15,0,0
2021,14,Erie,1166,157,308,134,93,90,0,3,120,81,50,35,0,1,3,84,6,0
2021,13,Dutchess,348,28,98,42,6,33,0,2,28,36,7,7,0,0,1,60,0,0
2021,12,Delaware,92,3,35,6,1,8,0,1,9,5,3,2,0,0,0,19,0,0
2021,11,Cortland,109,17,41,11,2,8,0,1,8,8,1,3,2,0,0,6,0,0
2021,10,Columbia,146,11,37,18,4,12,0,2,17,11,4,3,3,0,0,22,0,0
2020,18,Genesee,103,6,35,8,3,21,0,0,12,7,2,1,1,1,0,5,0,0
2020,16,Franklin,141,11,56,1,5,19,0,1,11,11,2,8,6,0,0,10,0,0
2020,15,Essex,90,4,34,1,2,11,2,1,6,9,2,2,2,0,0,14,0,0
2020,14,Erie,1309,167,316,152,106,105,0,5,137,89,64,40,0,1,4,119,6,0
2020,13,Dutchess,367,34,102,45,4,36,0,2,25,38,9,8,2,0,0,64,0,0
2020,12,Delaware,92,3,35,6,2,10,1,1,7,5,3,1,0,0,0,17,0,0
2020,11,Cortland,122,20,45,11,4,9,0,1,8,10,2,3,2,0,1,6,0,0
2020,10,Columbia,153,10,39,19,4,16,0,2,16,12,6,4,3,0,0,23,0,0
2020,09,Clinton,167,15,65,11,6,18,1,1,11,13,2,5,1,2,1,17,0,0
2020,08,Chenango,88,6,28,2,3,6,0,1,6,8,3,2,3,0,0,20,1,0
2020,07,Chemung,169,16,47,23,2,21,0,1,19,16,4,5,1,1,0,13,0,0
2020,06,Chautauqua,293,34,96,6,17,31,4,1,22,28,7,7,0,8,0,31,0,0
2020,05,Cayuga,140,22,49,4,5,13,0,1,15,12,4,3,3,0,0,8,0,1
2020,04,Cattaraugus,176,23,55,5,13,19,0,0,22,16,2,4,1,2,0,14,0,0
2020,03,Broome,335,36,99,37,20,37,6,3,22,25,1,4,6,0,0,37,1,0
2020,02,Allegany,99,9,26,5,6,8,1,0,12,14,2,4,0,0,0,12,0,0
2020,01,Albany,435,55,159,12,27,22,1,3,19,25,8,10,0,2,0,36,47,9
2020,66,New York City,21519,4439,3224,1842,864,1771,4,193,1385,596,809,16,2,17,59,46,2788,3466
2020,57,Yates,44,4,15,1,2,5,0,0,5,3,0,0,0,0,0,7,0,0
2020,56,Wyoming,77,10,15,3,3,12,0,1,10,7,2,1,1,1,5,0,0,6
2020,55,Westchester,1006,159,343,76,57,120,9,1,71,52,28,5,1,1,1,81,0,0
2020,54,Wayne,142,19,46,6,2,30,0,1,14,10,2,2,2,0,0,8,0,0
2020,53,Washington,126,12,37,8,5,18,0,1,12,12,5,4,2,0,3,7,0,0
2020,52,Warren,121,12,36,4,3,24,0,1,10,9,3,4,0,0,4,11,0,0
2020,51,Ulster,298,29,138,7,4,45,0,1,20,21,4,5,2,0,0,22,0,0
2020,50,Tompkins,160,20,61,8,6,11,4,1,15,8,2,4,2,0,0,0,3,17
2020,49,Tioga,85,3,27,6,2,6,1,3,8,6,1,3,1,0,0,18,0,0
2020,48,Sullivan,175,13,67,3,3,14,0,1,17,11,8,9,4,0,2,21,0,1
2020,47,Suffolk,1378,240,456,26,21,226,30,1,130,104,17,10,6,2,0,110,0,0
2020,46,Steuben,187,14,59,6,10,18,0,1,17,22,6,4,1,0,0,30,0,0
2020,45,Seneca,70,5,37,0,0,5,1,1,5,7,1,1,1,0,0,7,0,0
2020,44,Schuyler,53,3,15,3,3,5,0,0,4,4,2,1,1,0,0,8,2,1
2020,43,Schoharie,74,3,25,4,2,10,0,0,5,6,2,2,1,0,0,12,0,0
2020,42,Schenectady,214,29,115,7,0,13,1,0,16,13,6,2,1,0,0,10,0,0
2020,41,Saratoga,207,16,72,13,4,32,1,1,26,20,4,6,4,1,0,8,0,0
2020,40,St. Lawrence,220,15,61,18,10,27,0,2,17,21,5,7,3,0,0,34,1,0
2020,39,Rockland,341,36,141,2,12,33,0,2,29,23,10,1,10,0,0,28,9,3
2020,38,Rensselaer,222,29,75,9,9,21,0,2,20,13,7,6,5,0,0,24,0,1
2020,37,Putnam,80,4,20,5,4,15,1,0,5,5,1,0,3,1,1,15,0,0
2020,36,Otsego,123,8,62,1,6,7,0,1,7,5,1,4,2,1,0,18,0,0
2020,35,Oswego,290,27,124,14,5,16,0,2,32,22,7,6,4,1,1,28,1,0
2020,34,Orleans,75,7,27,0,0,11,0,0,4,9,2,2,1,1,0,10,0,0
2020,33,Orange,428,72,153,37,0,35,0,3,32,28,12,4,13,1,0,37,1,2
2020,32,Ontario,155,17,48,17,12,17,0,8,10,13,1,2,0,1,2,8,0,0
2020,31,Onondaga,612,89,179,42,13,68,10,4,79,49,16,12,0,0,6,39,5,0
2020,30,Oneida,399,82,117,15,16,24,0,2,43,37,14,16,10,0,0,25,0,0
2020,29,Niagara,402,85,112,22,16,27,0,1,47,33,10,12,3,1,7,26,0,0
2020,28,Nassau,745,125,222,50,46,117,1,5,50,43,8,0,2,0,1,74,0,0
2020,27,Montgomery,108,8,30,1,5,13,2,1,11,9,4,3,2,0,0,18,0,0
2020,26,Monroe,892,202,334,32,36,61,0,5,79,51,20,15,7,2,21,24,3,0
2020,25,Madison,116,9,32,18,4,11,0,2,11,11,0,7,2,0,1,7,2,1
2020,24,Livingston,115,17,44,7,1,7,0,2,5,7,1,2,0,0,1,20,0,0
2020,23,Lewis,61,4,18,1,2,6,0,1,9,4,2,2,2,1,0,9,0,0
2020,22,Jefferson,206,19,75,4,4,17,0,1,32,14,3,7,4,0,0,23,2,0
2020,21,Herkimer,117,5,30,12,5,7,6,1,15,12,1,4,3,0,0,17,0,0
2020,20,Hamilton,10,0,3,1,0,1,0,0,1,1,0,0,0,0,0,3,0,0
2020,19,Greene,91,5,37,1,2,7,2,1,6,6,5,1,1,0,0,16,0,0
2020,17,Fulton,121,7,42,1,5,12,1,1,11,11,6,4,5,0,2,12,0,0
2019,38,Rensselaer,218,31,72,10,10,22,0,1,18,12,8,5,4,0,0,23,0,1
2019,66,New York City,22084,4773,3376,1949,696,1727,17,186,1536,612,836,18,2,30,54,121,2584,3566
2019,57,Yates,44,3,16,1,2,5,0,1,5,4,1,0,0,0,0,7,0,0
2019,56,Wyoming,79,9,15,3,3,13,0,2,10,6,1,1,2,2,4,0,0,6
2019,55,Westchester,1021,166,356,52,63,117,9,1,72,59,29,4,3,1,1,87,0,0
2019,54,Wayne,148,21,46,7,4,30,0,1,13,10,2,2,2,0,0,9,0,0
2019,53,Washington,128,14,37,8,5,18,0,1,12,11,5,4,2,0,3,7,0,0
2019,52,Warren,118,13,32,4,3,24,0,0,10,9,3,3,0,0,6,10,0,0
2019,51,Ulster,296,29,136,8,5,44,0,1,18,21,4,6,2,0,0,22,0,0
2019,50,Tompkins,142,17,47,10,5,14,3,1,14,9,2,4,2,0,0,0,2,12
2019,49,Tioga,86,4,26,6,3,4,1,2,9,6,2,5,2,0,0,16,0,0
2019,48,Sullivan,173,15,62,5,3,17,0,1,14,12,9,7,5,1,2,20,0,1
2019,47,Suffolk,1418,250,455,27,20,245,32,1,126,108,18,13,6,2,0,116,0,0
2019,46,Steuben,188,13,60,8,10,18,0,1,16,23,6,5,1,0,0,26,0,0
2019,45,Seneca,78,5,34,0,0,11,1,1,7,7,1,1,2,0,0,8,0,0
2019,44,Schuyler,53,3,15,3,3,5,0,0,4,4,2,1,1,0,0,9,2,1
2019,43,Schoharie,75,3,25,4,2,11,0,1,6,6,2,1,1,0,0,12,0,0
2019,42,Schenectady,213,29,112,7,0,14,1,1,16,14,6,2,1,0,0,10,0,0
2019,41,Saratoga,203,14,71,10,3,34,1,1,24,20,5,7,5,1,0,7,1,0
2019,40,St. Lawrence,211,15,55,18,10,28,1,2,14,21,5,6,2,0,0,34,1,0
2019,39,Rockland,336,35,141,2,13,31,0,3,31,24,12,1,10,0,0,23,8,4
2019,37,Putnam,80,3,21,5,4,14,1,0,4,5,1,0,3,1,1,16,0,0
2019,36,Otsego,120,8,58,1,5,8,0,2,8,4,1,4,2,1,0,20,0,0
2019,35,Oswego,286,28,122,14,5,14,0,1,32,22,7,6,4,1,2,29,1,0
2019,34,Orleans,75,7,26,0,0,11,0,0,4,9,2,2,1,2,0,11,0,0
2019,33,Orange,433,75,152,31,0,38,0,3,32,31,13,4,13,1,0,38,0,2
2019,32,Ontario,157,18,50,16,10,17,0,6,12,13,2,2,0,1,4,7,0,0
2019,31,Onondaga,609,92,181,41,10,71,10,3,83,48,16,7,0,0,6,35,4,0
2019,30,Oneida,409,81,99,30,19,26,0,3,39,41,14,20,10,0,0,26,0,0
2019,29,Niagara,407,95,110,23,17,25,0,1,43,34,11,12,4,1,7,25,0,0
2019,28,Nassau,763,124,237,48,46,121,1,4,51,42,8,0,3,0,0,76,0,0
2019,27,Montgomery,111,9,31,1,6,14,2,1,11,10,4,3,2,0,0,18,0,0
2019,26,Monroe,871,200,310,36,34,59,0,3,77,55,26,13,6,5,16,25,5,0
2019,25,Madison,117,9,34,17,4,11,0,2,10,11,0,7,2,0,0,7,2,1
2019,24,Livingston,116,17,44,9,0,9,0,2,6,8,1,2,0,0,1,16,0,0
2019,23,Lewis,62,5,18,1,3,7,0,1,7,5,1,2,2,1,0,10,0,0
2019,22,Jefferson,205,18,78,4,4,17,0,1,31,14,2,7,5,0,0,20,4,0
2019,21,Herkimer,119,6,26,12,4,10,2,1,15,13,1,4,4,0,0,20,0,0
2019,20,Hamilton,10,1,3,0,0,1,0,0,1,1,0,0,0,0,0,2,0,0
2019,19,Greene,90,6,34,1,1,7,3,3,5,5,5,1,1,0,0,18,0,0
2019,18,Genesee,102,6,35,8,3,22,0,0,10,7,2,1,1,0,0,7,0,0
2019,17,Fulton,119,9,40,1,5,12,1,1,12,10,6,4,4,0,1,12,0,0
2019,16,Franklin,137,10,56,1,5,18,0,1,8,11,2,7,6,0,0,11,1,0
2019,15,Essex,89,4,35,1,2,12,2,1,5,9,2,2,2,0,0,12,0,0
2019,14,Erie,1367,185,319,160,107,120,0,5,138,90,65,35,0,1,4,132,6,0
2019,13,Dutchess,363,33,100,42,4,39,0,2,27,38,9,7,2,0,0,61,0,0
2019,12,Delaware,93,3,36,6,2,10,1,1,6,5,3,1,0,0,0,19,0,0
2019,11,Cortland,121,20,42,12,5,8,0,1,8,10,2,3,2,0,0,8,0,0
2019,10,Columbia,152,12,39,18,5,16,0,2,14,12,5,4,3,0,0,22,0,0
2019,09,Clinton,169,16,66,11,6,19,1,1,10,13,2,3,2,2,1,17,0,0
2019,08,Chenango,113,7,28,2,3,7,0,1,6,9,2,2,3,0,0,20,22,0
2019,07,Chemung,178,19,48,25,2,21,0,1,17,17,4,5,1,1,0,17,0,0
2019,06,Chautauqua,298,31,96,7,18,34,4,1,22,29,8,5,0,8,0,33,0,0
2019,05,Cayuga,142,21,46,4,5,18,0,1,16,12,5,2,3,0,0,8,0,1
2019,04,Cattaraugus,175,21,50,5,15,20,0,0,22,16,3,5,2,2,0,14,0,0
2019,03,Broome,335,36,99,35,20,40,6,3,22,25,1,4,7,0,0,37,1,0
2019,02,Allegany,97,8,26,5,7,7,1,0,11,14,3,3,1,0,0,12,0,0
2019,01,Albany,442,59,147,21,22,25,1,3,18,26,10,13,0,2,0,41,49,5
2018,57,Yates,44,3,16,1,2,5,0,0,5,4,1,1,0,0,0,7,0,0
2018,56,Wyoming,80,9,15,3,3,14,1,1,11,7,2,1,2,1,5,0,0,7
2018,55,Westchester,1015,165,341,43,78,118,10,2,56,62,38,6,6,0,1,88,0,0
2018,54,Wayne,147,21,45,7,3,32,0,1,13,11,2,2,2,0,0,8,0,0
2018,53,Washington,128,16,37,8,5,18,0,1,12,11,5,2,3,0,2,8,0,0
2018,52,Warren,121,11,35,4,4,25,0,0,10,11,3,2,0,0,6,11,0,0
2018,51,Ulster,290,31,129,7,6,44,0,1,20,20,4,3,2,0,0,21,0,0
2018,50,Tompkins,178,21,59,12,6,16,3,2,17,11,2,4,2,0,0,0,3,19
2018,49,Tioga,87,5,26,7,3,5,1,2,10,6,2,4,2,0,0,15,0,0
2018,48,Sullivan,176,15,63,5,2,18,0,1,15,12,10,8,5,0,2,20,0,1
2018,47,Suffolk,1455,245,457,30,21,264,33,2,136,112,18,10,6,1,0,121,0,0
2018,46,Steuben,185,13,57,7,10,17,0,1,18,25,7,5,1,0,0,25,0,0
2018,45,Seneca,79,5,34,0,0,12,1,1,8,7,1,1,2,0,0,8,0,0
2018,44,Schuyler,52,4,15,2,3,5,0,0,3,4,2,1,1,0,0,9,2,1
2018,43,Schoharie,75,4,27,5,2,8,0,1,5,6,1,2,1,0,0,14,0,0
2018,42,Schenectady,212,29,108,7,0,16,1,1,17,14,6,2,1,0,0,10,0,0
2018,41,Saratoga,207,13,71,11,4,37,1,1,25,20,5,6,5,0,0,7,0,0
2018,40,St. Lawrence,213,16,51,18,10,30,3,2,15,21,5,6,2,0,0,34,1,0
2018,39,Rockland,339,37,139,2,15,31,0,3,31,25,11,1,10,0,0,23,8,2
2018,38,Rensselaer,221,28,78,10,9,24,0,1,17,13,8,6,4,0,0,22,0,1
2018,37,Putnam,82,4,20,5,4,16,1,0,5,5,1,0,3,1,1,16,0,0
2018,36,Otsego,120,9,57,1,6,10,0,2,8,4,1,3,2,1,0,16,0,0
2018,35,Oswego,298,33,124,13,7,13,0,1,31,23,8,6,4,2,2,31,1,0
2018,34,Orleans,76,6,26,0,2,12,0,0,4,9,2,1,1,2,0,11,0,0
2018,33,Orange,422,73,149,29,0,38,0,3,34,30,12,4,12,0,0,37,0,2
2018,32,Ontario,156,18,50,16,11,19,0,5,11,13,2,2,0,0,3,7,1,0
2018,31,Onondaga,615,98,191,40,11,73,10,3,78,49,18,4,0,0,6,31,4,0
2018,30,Oneida,429,91,109,25,17,26,0,3,42,44,13,15,9,0,0,35,0,0
2018,29,Niagara,410,94,107,23,18,26,0,1,43,36,12,13,5,1,7,25,0,0
2018,66,New York City,22056,4776,3175,1905,917,1649,21,193,1608,613,907,20,2,29,59,161,2496,3527
2018,28,Nassau,780,123,244,50,49,128,1,4,49,44,8,0,4,0,0,76,0,0
2018,27,Montgomery,111,10,29,2,5,17,2,1,11,8,3,3,1,1,0,20,0,0
2018,26,Monroe,885,218,305,34,32,58,0,5,78,55,24,12,6,7,18,27,5,0
2018,25,Madison,116,9,33,17,4,13,0,1,11,11,1,5,2,0,0,8,1,1
2018,24,Livingston,118,18,44,10,1,9,0,1,6,8,1,2,0,0,1,18,0,0
2018,23,Lewis,64,6,19,1,3,7,0,1,8,5,1,1,2,1,0,10,0,0
2018,22,Jefferson,206,21,78,6,4,20,0,1,28,14,4,5,5,0,0,19,1,0
2018,21,Herkimer,121,8,27,13,5,12,1,1,12,13,1,3,5,0,0,21,0,0
2018,20,Hamilton,11,1,3,0,0,1,0,0,1,1,0,0,0,0,0,2,0,0
2018,19,Greene,87,6,30,1,2,7,3,5,5,5,6,1,1,0,0,15,0,0
2018,18,Genesee,103,4,36,7,4,22,0,0,12,7,2,1,1,0,0,7,0,0
2018,17,Fulton,121,9,41,1,5,11,1,1,13,11,6,4,4,0,1,13,0,0
2018,16,Franklin,134,13,51,1,5,22,1,2,8,11,3,3,6,0,0,9,0,0
2018,15,Essex,89,4,33,1,3,13,2,1,5,9,2,2,2,0,0,11,0,0
2018,14,Erie,1345,187,331,154,105,123,0,5,134,90,67,29,0,1,4,110,5,0
2018,13,Dutchess,357,34,95,39,5,39,0,2,27,38,9,7,2,0,0,61,0,0
2018,12,Delaware,94,1,34,9,1,17,2,1,7,5,3,1,0,0,0,14,0,0
2018,11,Cortland,122,19,43,12,5,9,0,1,8,10,3,2,2,0,0,7,0,0
2018,10,Columbia,154,12,41,16,6,17,1,2,15,12,6,2,4,0,0,21,0,0
2018,09,Clinton,173,16,66,11,7,19,2,1,11,13,2,3,2,2,1,16,0,0
2018,08,Chenango,113,7,29,3,4,5,0,1,6,8,3,1,3,0,0,22,22,0
2018,07,Chemung,167,17,47,23,2,21,0,1,15,16,4,3,1,1,0,16,0,0
2018,06,Chautauqua,309,32,96,7,21,40,5,1,24,30,10,6,1,9,0,28,0,0
2018,05,Cayuga,137,18,44,4,5,18,0,1,15,11,4,4,4,0,0,7,0,1
2018,04,Cattaraugus,173,19,51,5,15,22,0,0,24,15,2,5,2,1,0,13,0,0
2018,03,Broome,338,34,94,37,21,45,6,2,22,27,1,4,7,0,0,37,1,0
2018,02,Allegany,99,8,27,5,7,9,1,0,11,14,2,3,1,0,0,13,0,0
2018,01,Albany,460,58,156,19,21,27,2,3,20,29,12,13,0,2,0,42,50,6
2017,66,New York City,21905,5161,2995,1806,623,1728,21,192,1686,674,1003,20,2,28,15,168,2321,3418
2017,57,Yates,43,3,15,1,2,5,0,0,3,4,1,1,0,0,0,7,0,0
2017,56,Wyoming,79,9,15,2,4,14,0,1,10,7,1,1,1,1,1,0,0,7
2017,55,Westchester,1006,169,349,40,72,113,10,2,50,58,38,5,8,0,0,91,0,0
2017,54,Wayne,147,21,45,7,1,32,0,1,15,11,2,1,2,0,0,9,0,0
2017,53,Washington,125,12,37,9,6,15,0,1,12,11,5,3,3,0,1,9,0,0
2017,52,Warren,122,12,32,4,4,27,0,0,11,11,3,2,0,0,1,10,0,0
2017,51,Ulster,289,34,124,7,7,46,1,1,20,20,4,4,2,0,0,20,0,0
2017,50,Tompkins,174,21,56,12,7,17,4,2,17,11,2,3,2,0,0,0,2,19
2017,49,Tioga,88,5,25,6,2,6,1,3,13,7,2,1,2,0,0,15,0,0
2017,48,Sullivan,166,12,59,5,2,19,0,1,12,11,8,7,5,0,0,21,0,0
2017,47,Suffolk,1499,257,453,30,21,281,35,2,141,117,17,9,6,1,0,126,0,0
2017,46,Steuben,186,13,57,7,11,18,0,0,18,26,8,3,1,0,0,24,0,0
2017,45,Seneca,79,5,34,0,0,12,1,1,8,7,1,1,2,0,0,8,0,0
2017,44,Schuyler,52,4,15,2,3,5,0,0,4,4,2,1,1,0,0,8,3,1
2017,43,Schoharie,74,5,26,4,2,10,0,0,5,6,1,1,1,0,0,13,0,0
2017,42,Schenectady,206,27,108,6,0,15,1,1,17,13,6,3,1,0,0,9,0,0
2017,41,Saratoga,206,14,65,13,4,38,1,1,24,21,5,6,5,1,0,8,0,0
2017,40,St. Lawrence,218,16,47,18,11,34,3,2,16,22,5,7,2,0,0,33,3,0
2017,39,Rockland,354,36,139,2,16,40,1,3,36,25,11,2,9,0,0,25,8,2
2017,38,Rensselaer,216,28,78,13,9,22,0,1,18,15,6,5,4,0,0,18,0,0
2017,37,Putnam,83,4,20,5,4,17,1,0,4,5,1,0,3,1,0,16,0,0
2017,36,Otsego,122,10,55,1,6,16,0,1,6,5,1,3,3,1,0,14,0,0
2017,35,Oswego,284,30,114,14,8,14,0,1,31,22,9,4,4,2,1,29,1,0
2017,34,Orleans,77,7,26,0,2,11,0,0,4,9,2,1,1,2,0,10,0,0
2017,33,Orange,404,66,143,28,0,38,0,3,31,29,12,3,11,0,0,37,0,2
2017,32,Ontario,159,17,50,17,11,20,0,6,13,12,2,2,0,0,1,7,0,0
2017,31,Onondaga,651,100,203,41,7,85,11,3,79,52,19,8,0,0,1,36,4,0
2017,30,Oneida,430,90,108,22,15,28,0,3,44,44,13,15,12,0,0,36,0,0
2017,29,Niagara,411,92,104,23,19,32,0,1,44,35,12,12,5,1,2,25,0,0
2017,28,Nassau,791,127,249,52,50,125,2,3,50,48,7,0,4,0,0,73,0,0
2017,27,Montgomery,111,12,27,2,5,19,2,1,11,7,1,2,1,1,0,19,0,0
2017,26,Monroe,894,242,300,33,30,55,0,4,76,53,24,12,6,9,4,27,5,0
2017,25,Madison,116,9,31,17,4,13,0,2,12,11,0,6,2,0,0,9,0,0
2017,24,Livingston,119,17,44,8,1,9,0,1,6,8,1,2,0,0,0,19,0,0
2017,23,Lewis,64,5,20,1,3,7,0,1,7,5,2,1,2,1,0,10,0,0
2017,22,Jefferson,207,19,77,5,3,22,0,1,28,14,5,5,5,0,0,19,3,0
2017,21,Herkimer,123,10,27,11,5,14,1,1,11,13,1,4,5,0,0,20,0,0
2017,20,Hamilton,10,1,3,0,0,1,0,0,1,1,1,0,0,0,0,2,0,0
2017,19,Greene,86,6,29,1,2,7,2,5,5,6,6,1,2,0,0,15,0,0
2017,18,Genesee,103,5,38,9,4,21,0,0,10,7,2,1,1,0,0,6,0,0
2017,17,Fulton,123,8,43,1,6,10,3,1,11,10,6,7,4,0,0,12,0,0
2017,16,Franklin,134,12,50,2,5,22,1,2,8,12,3,2,5,1,0,9,0,0
2017,15,Essex,90,5,33,0,4,13,2,1,5,9,2,1,2,0,0,12,0,0
2017,14,Erie,1347,186,326,146,103,127,0,5,142,91,65,33,0,4,1,111,5,0
2017,13,Dutchess,359,38,96,37,5,38,0,2,26,37,10,6,2,0,0,62,0,0
2017,12,Delaware,93,1,37,6,1,19,0,1,9,5,3,0,0,0,0,12,0,0
2017,11,Cortland,126,18,44,12,6,10,0,1,9,11,2,2,2,0,0,8,0,0
2017,10,Columbia,154,16,41,15,6,14,1,2,11,11,9,1,4,0,0,21,1,0
2017,09,Clinton,174,15,65,11,7,22,2,1,13,13,2,3,2,2,0,16,0,0
2017,08,Chenango,112,11,28,3,1,7,0,1,5,8,3,2,3,0,0,20,20,0
2017,07,Chemung,164,13,50,19,2,20,0,1,18,16,5,3,1,1,0,18,0,0
2017,06,Chautauqua,314,28,98,7,22,43,5,1,26,32,10,5,1,9,0,27,0,0
2017,05,Cayuga,140,19,45,5,7,19,0,1,14,11,4,3,3,0,0,8,0,1
2017,04,Cattaraugus,175,18,51,5,16,25,0,0,24,15,2,5,2,1,0,11,0,0
2017,03,Broome,345,36,89,37,22,52,9,3,22,27,1,4,6,1,0,37,1,0
2017,02,Allegany,101,7,28,4,7,11,1,0,11,13,2,2,1,1,0,14,0,0
2017,01,Albany,472,60,152,19,20,29,1,3,21,31,13,12,0,5,0,40,58,6
2016,29,Niagara,418,94,103,25,20,35,0,1,44,36,12,11,5,1,6,25,0,0
2016,66,New York City,21724,4946,2941,1727,558,2053,25,233,1648,774,1071,20,0,27,59,60,2106,3477
2016,57,Yates,44,2,16,1,2,5,0,0,4,4,0,1,0,0,0,8,0,0
2016,56,Wyoming,80,10,15,3,4,13,0,2,10,7,1,1,2,1,4,0,0,7
2016,55,Westchester,992,170,348,51,35,119,10,2,52,61,40,6,9,0,0,90,0,0
2016,54,Wayne,149,22,45,7,1,33,0,1,14,11,3,2,2,0,0,9,0,0
2016,53,Washington,122,13,36,8,5,16,0,1,12,10,5,3,3,0,2,9,0,0
2016,52,Warren,121,12,31,4,4,27,0,0,11,11,3,2,1,0,5,9,0,0
2016,51,Ulster,295,37,123,7,7,53,1,1,20,20,4,4,2,0,0,17,0,0
2016,50,Tompkins,177,21,54,12,7,21,6,2,16,12,2,3,2,0,0,0,1,19
2016,49,Tioga,90,5,25,6,3,6,1,3,13,7,2,3,3,0,0,14,0,0
2016,48,Sullivan,164,13,56,6,3,20,0,0,12,11,10,6,6,0,2,18,0,0
2016,47,Suffolk,1557,268,458,30,23,307,35,2,144,125,17,10,7,1,0,131,0,0
2016,46,Steuben,189,13,59,6,11,20,0,0,19,27,7,4,1,0,0,23,0,0
2016,45,Seneca,79,8,34,0,1,10,1,1,7,7,1,1,2,0,1,8,0,0
2016,44,Schuyler,51,3,13,2,3,5,0,0,5,4,2,1,1,0,0,9,2,1
2016,43,Schoharie,78,5,27,4,2,12,0,0,6,7,1,1,1,0,0,12,0,0
2016,42,Schenectady,211,32,111,6,0,15,1,1,13,13,6,2,1,0,0,8,0,0
2016,41,Saratoga,209,13,67,13,3,42,1,1,24,21,5,6,5,0,1,8,0,0
2016,40,St. Lawrence,224,18,45,20,12,37,3,2,16,23,6,7,3,0,0,29,2,0
2016,39,Rockland,355,39,141,2,14,45,1,3,35,24,8,1,8,0,0,24,8,2
2016,38,Rensselaer,223,30,80,16,8,22,0,1,17,15,6,6,4,0,0,18,0,0
2016,37,Putnam,80,4,18,6,4,17,1,0,4,5,1,0,3,0,1,15,0,0
2016,36,Otsego,124,11,55,1,6,20,0,1,5,5,1,3,3,1,0,13,0,0
2016,35,Oswego,276,27,113,13,9,18,0,0,34,22,7,6,4,2,2,16,1,0
2016,34,Orleans,77,7,24,2,2,12,0,0,5,9,2,1,1,3,0,10,0,0
2016,33,Orange,413,67,144,29,0,41,0,3,30,29,12,5,12,0,0,38,1,2
2016,32,Ontario,164,18,51,16,11,24,0,4,14,13,2,2,0,0,3,7,0,0
2016,31,Onondaga,658,102,202,37,8,91,11,3,75,54,22,8,0,0,5,37,2,0
2016,30,Oneida,419,88,100,20,7,34,0,3,46,42,15,16,12,0,0,35,0,0
2016,28,Nassau,773,130,239,49,41,127,2,4,48,46,8,0,4,0,1,75,0,0
2016,27,Montgomery,111,9,29,2,5,21,2,1,11,7,1,2,2,2,0,17,0,0
2016,26,Monroe,905,221,306,35,38,64,0,3,77,57,29,16,6,10,10,27,5,0
2016,25,Madison,115,9,32,16,4,14,0,2,12,11,1,5,2,0,0,9,0,0
2016,24,Livingston,119,16,43,9,1,10,0,1,6,8,1,2,0,0,1,19,0,0
2016,23,Lewis,66,6,20,1,3,7,0,1,7,5,2,2,2,1,1,9,0,0
2016,22,Jefferson,210,18,76,5,3,28,0,1,30,14,5,4,5,0,0,19,3,0
2016,21,Herkimer,123,8,31,8,5,13,1,1,13,13,1,4,4,0,0,19,0,1
2016,20,Hamilton,11,1,3,0,0,1,0,0,1,1,1,0,0,0,0,2,0,0
2016,19,Greene,94,8,34,1,2,8,2,3,6,6,6,1,1,0,0,16,0,0
2016,18,Genesee,104,5,39,9,3,21,0,0,9,7,2,1,1,0,0,6,0,0
2016,17,Fulton,124,10,41,1,7,10,5,1,10,10,6,6,4,0,1,12,0,0
2016,16,Franklin,130,14,45,1,5,21,1,2,7,12,3,4,5,2,0,8,0,0
2016,15,Essex,90,5,33,1,2,14,2,0,6,9,1,1,2,0,0,14,0,0
2016,14,Erie,1324,183,322,139,97,136,0,4,136,90,61,35,0,1,3,112,6,0
2016,13,Dutchess,351,39,98,35,3,37,0,2,24,36,11,6,2,0,0,59,0,0
2016,12,Delaware,91,1,37,6,1,19,0,1,8,5,1,0,0,0,0,13,0,0
2016,11,Cortland,127,17,44,12,6,11,0,1,9,10,3,2,2,0,0,8,0,0
2016,10,Columbia,153,15,41,16,5,14,1,1,13,11,8,2,4,0,0,22,1,0
2016,09,Clinton,177,14,65,11,6,25,2,1,13,13,2,4,2,2,1,16,0,0
2016,08,Chenango,114,12,29,4,1,10,0,2,4,9,3,2,2,0,0,15,21,0
2016,07,Chemung,167,17,53,15,2,20,0,1,18,16,5,2,1,1,0,16,0,0
2016,06,Chautauqua,312,29,97,6,21,44,5,1,23,31,10,7,1,8,0,31,0,0
2016,05,Cayuga,148,22,43,5,8,21,0,1,13,12,6,3,3,0,0,9,0,1
2016,04,Cattaraugus,178,17,49,5,16,26,0,0,23,16,2,7,2,3,0,12,0,0
2016,03,Broome,354,37,89,40,22,58,10,3,23,26,1,4,7,1,0,32,1,0
2016,02,Allegany,99,6,26,4,6,13,1,0,9,13,2,3,1,1,0,14,0,0
2016,01,Albany,466,56,153,19,22,31,1,3,18,30,10,12,0,2,0,44,61,6
2015,31,Onondaga,663,101,202,33,5,104,12,0,70,54,23,10,0,10,,35,3,0
2015,57,Yates,44,2,16,1,1,6,0,1,4,4,0,1,1,0,,8,0,0
2015,56,Wyoming,83,9,17,3,4,15,0,2,10,7,1,1,2,6,,0,0,6
2015,55,Westchester,1025,162,357,62,31,131,11,2,60,63,43,6,9,2,,90,0,0
2015,54,Wayne,151,20,44,6,1,37,0,1,15,10,3,2,2,0,,9,0,0
2015,53,Washington,121,13,35,8,4,18,0,1,11,10,5,3,3,2,,8,0,0
2015,52,Warren,121,12,30,5,4,30,0,1,10,10,2,3,0,6,,8,0,0
2015,51,Ulster,308,36,115,12,5,63,1,1,20,20,6,6,2,0,,20,0,0
2015,50,Tompkins,183,22,55,13,6,25,7,1,16,12,2,3,2,0,,0,1,19
2015,49,Tioga,87,5,24,5,3,7,1,4,12,6,2,2,3,0,,14,0,0
2015,48,Sullivan,154,11,53,6,1,22,0,0,10,11,12,5,4,3,,17,0,0
2015,47,Suffolk,1607,273,467,31,25,352,38,2,129,129,13,12,9,1,,127,0,0
2015,46,Steuben,163,11,50,5,10,19,0,0,15,24,6,2,0,0,,21,0,0
2015,45,Seneca,79,7,34,0,0,10,1,1,8,7,1,1,2,0,,8,0,0
2015,44,Schuyler,51,2,13,2,3,5,0,1,4,4,2,1,1,0,,8,3,1
2015,43,Schoharie,74,5,28,3,1,13,0,0,6,6,1,1,1,0,,8,0,0
2015,42,Schenectady,214,31,105,15,1,18,2,1,11,13,5,3,2,2,,8,0,0
2015,41,Saratoga,207,10,67,11,3,43,1,1,24,20,5,6,4,2,,10,0,0
2015,40,St. Lawrence,234,19,46,20,13,42,4,2,17,25,7,7,3,0,,26,2,0
2015,39,Rockland,368,38,142,2,16,55,1,3,34,25,10,1,7,0,,24,8,2
2015,38,Rensselaer,226,30,79,14,8,26,0,1,18,16,6,6,5,0,,18,0,0
2015,37,Putnam,80,3,19,6,3,20,1,0,4,5,1,0,3,2,,14,0,0
2015,36,Otsego,113,10,50,0,4,19,0,1,5,5,1,3,3,1,,13,0,0
2015,35,Oswego,252,26,103,13,6,20,0,0,29,20,5,5,4,5,,15,0,0
2015,34,Orleans,82,7,27,0,2,14,0,0,5,9,2,2,1,3,,11,0,0
2015,33,Orange,437,69,150,30,0,48,0,3,34,30,12,5,13,0,,40,1,2
2015,32,Ontario,164,15,49,13,11,27,1,8,13,13,2,2,0,2,,7,0,0
2015,66,New York City,21900,4816,2949,1699,562,2253,15,204,1712,802,1221,22,3,89,,71,1992,3490
2015,30,Oneida,456,89,104,20,8,41,25,3,43,46,15,15,11,1,,34,0,0
2015,29,Niagara,416,85,98,25,18,38,0,1,49,38,14,13,5,7,,26,0,0
2015,28,Nassau,786,123,245,48,41,137,2,4,47,47,10,0,5,1,,77,0,0
2015,27,Montgomery,105,10,28,2,4,20,2,1,11,8,0,2,2,1,,14,0,0
2015,26,Monroe,929,226,313,40,36,60,0,4,84,58,32,16,8,21,,26,5,0
2015,25,Madison,115,9,31,16,4,15,0,1,10,13,1,5,1,0,,10,0,0
2015,24,Livingston,121,16,42,10,4,13,0,1,7,8,1,2,0,2,,18,0,0
2015,23,Lewis,68,5,20,1,3,8,0,1,8,5,2,2,2,3,,9,0,0
2015,22,Jefferson,213,18,77,6,3,27,0,1,31,13,6,5,5,0,,19,1,0
2015,21,Herkimer,124,10,31,8,5,15,0,1,10,13,1,5,5,0,,19,0,2
2015,20,Hamilton,9,1,2,0,0,1,0,0,1,1,0,0,0,0,,2,0,0
2015,19,Greene,97,7,32,3,2,10,2,3,6,7,6,1,2,0,,16,0,0
2015,18,Genesee,105,5,37,9,3,20,0,0,9,8,2,1,1,0,,8,0,0
2015,17,Fulton,124,10,39,1,7,10,6,1,8,11,6,6,4,2,,13,0,0
2015,16,Franklin,128,13,44,1,4,19,1,1,6,13,4,4,6,2,,8,0,0
2015,15,Essex,91,5,32,2,1,15,2,0,6,9,2,2,2,0,,13,0,0
2015,14,Erie,1317,165,302,129,98,179,0,5,132,86,58,44,0,9,,105,5,0
2015,13,Dutchess,325,35,91,32,4,35,0,2,24,33,10,4,2,0,,53,0,0
2015,12,Delaware,92,1,37,6,1,19,0,1,8,5,0,0,0,0,,14,0,0
2015,11,Cortland,127,16,42,13,6,12,0,1,9,10,3,2,3,0,,9,0,0
2015,10,Columbia,147,14,39,16,4,16,1,1,13,11,8,0,4,0,,19,1,0
2015,09,Clinton,180,15,63,10,6,27,2,1,14,13,2,5,2,2,,16,0,0
2015,08,Chenango,115,12,30,6,0,12,0,3,4,10,4,2,2,0,,11,19,0
2015,07,Chemung,154,15,47,13,2,19,0,1,18,14,6,3,1,2,,13,0,0
2015,06,Chautauqua,283,27,85,6,18,43,4,1,21,29,9,5,1,6,,28,0,0
2015,05,Cayuga,139,19,39,4,6,22,0,1,14,12,6,1,3,0,,9,0,1
2015,04,Cattaraugus,184,22,50,5,19,27,0,0,21,16,2,4,3,3,,13,0,0
2015,03,Broome,335,38,83,40,20,59,2,3,22,27,1,5,7,0,,28,2,0
2015,02,Allegany,101,6,25,3,7,14,1,0,8,14,2,3,1,3,,13,0,0
2015,01,Albany,457,54,160,18,17,34,1,3,23,28,10,9,0,1,,39,52,6
2014,40,St. Lawrence,241,21,45,20,13,50,4,2,16,25,6,7,3,1,,26,2,0
2014,66,New York City,21714,4574,2968,1634,632,2383,27,211,1789,815,1266,25,13,95,,153,1890,3238
2014,57,Yates,46,2,15,1,2,7,0,1,3,4,1,0,1,0,,8,0,0
2014,56,Wyoming,82,8,17,3,3,16,0,2,9,7,1,1,2,7,,0,0,7
2014,55,Westchester,1026,148,357,62,27,155,10,3,64,66,32,5,10,1,,86,0,0
2014,54,Wayne,155,19,45,7,1,42,0,1,15,11,1,2,2,0,,9,0,0
2014,53,Washington,124,11,37,8,4,20,1,1,10,10,5,3,3,2,,9,0,0
2014,52,Warren,122,14,29,5,2,30,0,1,10,10,4,2,0,5,,9,0,0
2014,51,Ulster,303,30,111,20,5,67,1,1,17,20,5,6,2,0,,18,0,0
2014,50,Tompkins,187,19,56,13,8,29,6,1,17,11,1,3,2,0,,0,3,17
2014,49,Tioga,92,5,25,6,2,8,1,3,12,7,2,2,4,0,,15,0,0
2014,48,Sullivan,151,8,50,8,3,25,0,0,9,10,10,5,3,2,,18,0,0
2014,47,Suffolk,1667,280,469,32,24,405,43,2,120,130,13,11,9,1,,126,0,0
2014,46,Steuben,184,13,51,5,11,26,0,1,17,26,6,5,0,0,,25,0,0
2014,45,Seneca,80,5,34,0,0,12,1,1,8,7,1,1,2,0,,7,0,0
2014,44,Schuyler,51,2,12,2,3,6,0,1,4,4,2,1,1,0,,7,3,2
2014,43,Schoharie,77,5,28,3,2,14,0,0,5,6,1,1,1,0,,10,0,0
2014,42,Schenectady,218,28,96,24,0,23,2,1,10,14,7,3,2,1,,8,0,0
2014,41,Saratoga,210,10,69,10,4,46,1,1,22,21,5,6,5,1,,9,0,0
2014,01,Albany,457,47,154,19,22,39,2,3,22,28,10,8,0,2,,40,56,6
2014,02,Allegany,106,7,24,4,7,16,1,0,11,14,2,3,1,2,,13,0,0
2014,03,Broome,342,36,78,37,21,69,1,3,23,27,1,4,7,3,,30,2,0
2014,04,Cattaraugus,184,20,47,5,20,32,0,0,21,17,2,4,3,1,,12,0,0
2014,05,Cayuga,144,18,41,5,7,25,0,1,15,13,5,1,3,1,,8,0,1
2014,06,Chautauqua,317,32,98,6,19,53,6,1,23,32,10,5,1,6,,26,0,0
2014,07,Chemung,173,14,54,18,3,24,0,1,17,16,7,2,1,3,,13,0,0
2014,08,Chenango,114,12,28,5,0,15,0,3,4,10,3,2,3,0,,9,19,0
2014,09,Clinton,181,16,64,9,6,29,2,1,13,14,2,4,2,3,,16,0,0
2014,10,Columbia,149,13,39,16,6,21,1,1,11,11,7,1,4,0,,18,1,0
2014,11,Cortland,129,16,42,13,7,13,0,1,9,11,3,3,3,0,,9,0,0
2014,12,Delaware,89,1,32,6,1,20,0,1,8,8,1,0,0,0,,13,0,0
2014,13,Dutchess,350,39,99,33,4,40,0,2,24,35,12,5,2,0,,56,0,0
2014,14,Erie,1317,161,269,122,99,225,0,5,128,88,57,48,0,8,,102,6,0
2014,15,Essex,94,5,32,2,1,18,2,0,6,9,2,2,3,0,,13,0,0
2014,16,Franklin,132,12,46,3,5,21,1,1,7,14,4,3,5,2,,9,0,0
2014,17,Fulton,131,7,40,1,8,16,7,1,10,11,5,6,4,2,,13,0,0
2014,18,Genesee,107,5,35,10,3,19,0,0,9,8,2,1,2,0,,12,0,0
2014,19,Greene,102,9,32,2,3,12,3,4,6,7,6,1,2,0,,15,0,0
2014,20,Hamilton,10,0,3,0,0,1,0,0,1,1,0,0,1,0,,2,0,0
2014,21,Herkimer,125,9,30,8,5,18,1,1,9,13,1,4,5,0,,19,0,2
2014,22,Jefferson,217,16,77,6,2,33,0,1,30,13,7,6,5,0,,20,0,0
2014,23,Lewis,68,5,20,1,3,8,0,1,8,6,2,2,2,2,,8,0,0
2014,24,Livingston,128,15,41,9,5,18,0,1,6,8,1,2,0,1,,19,0,0
2014,25,Madison,117,9,31,16,4,18,0,1,10,12,0,6,2,0,,8,0,0
2014,26,Monroe,907,210,317,37,41,87,0,7,91,15,37,11,8,21,,22,5,0
2014,27,Montgomery,104,11,28,2,5,19,2,1,9,7,0,3,2,1,,14,0,0
2014,28,Nassau,811,119,248,43,35,168,2,4,42,49,9,1,9,2,,81,0,0
2014,29,Niagara,409,59,98,26,16,54,0,1,57,38,9,15,5,6,,25,0,0
2014,30,Oneida,469,83,105,21,6,52,26,3,44,47,13,20,12,2,,35,0,0
2014,31,Onondaga,706,116,206,32,0,134,15,1,55,53,20,12,0,7,,54,2,0
2014,32,Ontario,159,15,39,11,11,31,2,8,14,13,2,2,0,3,,7,0,0
2014,33,Orange,447,67,152,31,0,54,0,2,36,30,11,6,13,1,,40,1,2
2014,34,Orleans,85,7,27,0,2,14,0,0,5,9,2,2,1,3,,11,0,0
2014,35,Oswego,283,21,114,16,0,30,0,1,34,23,6,6,4,14,,16,0,0
2014,36,Otsego,126,11,55,1,5,22,0,1,5,5,1,3,3,1,,13,0,0
2014,37,Putnam,78,3,19,5,4,21,1,0,3,5,1,0,2,1,,14,0,0
2014,38,Rensselaer,231,32,82,8,7,33,0,1,15,18,6,6,5,0,,18,0,0
2014,39,Rockland,384,39,147,2,17,67,1,3,31,25,8,2,10,0,,23,9,2
2013,32,Ontario,163,15,43,12,11,33,3,4,13,14,2,3,0,3,,7,0,0
2013,01,Albany,477,43,161,19,21,50,3,3,19,30,11,9,0,3,,45,55,6
2013,02,Allegany,109,8,26,4,7,17,1,0,12,14,2,3,1,2,,12,0,0
2013,03,Broome,335,35,76,37,22,67,1,3,23,25,1,5,7,3,,28,2,0
2013,04,Cattaraugus,188,22,47,5,22,35,0,0,18,17,2,5,3,1,,12,0,0
2013,05,Cayuga,142,18,38,6,6,26,0,1,14,12,5,2,3,1,,8,0,1
2013,06,Chautauqua,317,31,99,6,17,56,7,1,19,32,9,5,1,7,,27,0,0
2013,07,Chemung,176,15,56,18,3,24,0,1,17,16,6,1,1,3,,14,0,0
2013,08,Chenango,116,12,28,5,1,17,0,3,4,10,2,2,3,0,,10,19,0
2013,09,Clinton,182,17,64,9,7,30,2,1,11,14,2,5,2,3,,15,0,0
2013,10,Columbia,153,10,40,16,6,24,1,1,10,12,7,2,4,0,,19,1,0
2013,11,Cortland,130,15,43,12,7,14,0,1,8,10,4,3,3,0,,9,0,0
2013,12,Delaware,94,2,33,6,1,21,0,1,9,10,2,0,0,0,,9,1,0
2013,13,Dutchess,358,42,99,36,4,43,0,2,22,35,11,4,3,0,,58,0,0
2013,14,Erie,1389,180,238,161,103,246,0,5,132,93,56,44,0,14,,112,7,0
2013,15,Essex,93,5,31,2,1,19,2,0,5,9,2,1,3,0,,13,0,0
2013,16,Franklin,133,17,47,3,3,21,1,2,2,14,4,3,6,1,,9,0,0
2013,17,Fulton,129,6,39,1,7,16,7,1,11,11,6,6,4,1,,13,0,0
2013,18,Genesee,111,5,36,11,4,17,0,0,8,9,2,2,2,0,,15,0,0
2013,19,Greene,101,10,33,2,3,13,3,2,6,7,6,1,2,0,,15,0,0
2013,20,Hamilton,9,1,2,0,0,1,0,0,1,1,0,0,1,0,,2,0,0
2013,21,Herkimer,128,7,30,8,6,20,0,1,12,13,1,4,5,0,,20,0,2
2013,22,Jefferson,215,18,75,8,3,33,0,1,28,13,6,6,5,0,,19,0,0
2013,23,Lewis,67,5,20,1,3,8,0,1,6,6,2,2,2,2,,8,0,0
2013,24,Livingston,135,13,43,9,7,21,0,1,7,9,1,2,0,1,,20,0,0
2013,25,Madison,119,8,32,16,4,19,0,1,11,13,0,6,2,0,,8,0,0
2013,26,Monroe,914,194,317,42,49,111,0,7,80,0,33,18,8,25,,24,6,0
2013,27,Montgomery,103,9,28,2,4,22,2,0,8,7,0,4,2,1,,13,0,0
2013,28,Nassau,807,123,248,36,29,170,2,4,40,50,8,1,13,2,,83,0,0
2013,29,Niagara,415,44,99,26,18,57,0,1,72,40,10,14,4,6,,24,0,0
2013,30,Oneida,483,82,108,19,6,64,26,3,44,47,13,21,12,2,,37,0,0
2013,31,Onondaga,718,108,204,32,1,145,16,1,57,53,17,14,0,9,,59,4,0
2013,33,Orange,444,71,146,31,0,57,0,2,34,30,11,5,13,1,,39,1,2
2013,34,Orleans,83,6,27,0,2,14,0,1,6,10,1,2,1,3,,11,0,0
2013,35,Oswego,277,18,110,15,0,36,0,2,26,23,5,8,3,16,,15,0,0
2013,36,Otsego,128,10,56,1,5,22,0,1,6,5,1,3,3,2,,13,0,0
2013,37,Putnam,81,3,19,4,4,22,1,0,5,5,1,0,2,1,,14,0,0
2013,38,Rensselaer,232,30,83,5,7,35,0,1,17,18,6,6,5,0,,18,0,0
2013,39,Rockland,398,41,148,2,18,70,1,3,30,26,8,2,10,0,,24,14,2
2013,40,St. Lawrence,245,20,46,19,14,53,4,2,16,25,7,8,3,1,,26,0,0
2013,41,Saratoga,212,14,65,10,5,46,1,1,20,21,5,7,6,1,,9,1,0
2013,42,Schenectady,223,27,107,15,1,26,2,1,10,14,7,3,2,1,,7,0,0
2013,43,Schoharie,78,5,29,3,2,14,0,0,5,7,1,2,1,0,,9,0,0
2013,44,Schuyler,49,3,13,2,3,8,0,1,3,4,2,1,1,0,,8,0,0
2013,45,Seneca,142,5,34,0,0,13,1,1,7,7,2,1,2,0,,69,0,0
2013,46,Steuben,179,11,51,6,10,28,0,0,20,24,6,3,0,0,,20,0,0
2013,47,Suffolk,1691,266,470,31,26,416,49,2,125,131,14,13,10,1,,136,0,0
2013,48,Sullivan,136,6,43,7,3,24,0,0,8,10,8,5,4,2,,16,0,0
2013,49,Tioga,98,4,25,7,4,12,1,3,11,7,2,3,4,0,,15,0,0
2013,50,Tompkins,193,20,56,13,12,28,7,1,14,12,2,5,2,1,,0,2,18
2013,51,Ulster,306,29,115,21,6,67,1,1,17,20,5,4,3,0,,17,0,0
2013,52,Warren,123,15,31,5,3,30,0,0,9,10,4,4,0,4,,10,0,0
2013,53,Washington,127,11,37,8,4,22,1,1,10,10,5,4,3,2,,9,0,0
2013,54,Wayne,157,20,44,7,1,44,0,1,14,11,1,2,2,0,,10,0,0
2013,55,Westchester,1049,144,371,63,34,165,6,3,63,69,29,5,11,1,,84,0,0
2013,56,Wyoming,83,8,16,3,3,17,0,1,9,8,1,1,2,8,,0,0,7
2013,57,Yates,45,2,15,1,1,8,0,1,3,4,1,0,1,0,,8,0,0
2013,66,New York City,22007,4558,3024,1688,787,2533,30,214,1839,826,1208,28,15,91,,222,1607,3336
2012,66,New York City,21744,4609,3045,1722,865,2651,36,214,1611,824,1126,,14,157,,223,1280,3367
2012,57,Yates,45,1,15,1,1,8,0,1,3,4,1,,1,1,,8,0,0
2012,56,Wyoming,82,7,15,3,3,17,0,2,9,8,1,,2,10,,0,0,6
2012,55,Westchester,1068,134,377,63,34,187,7,3,62,69,31,,12,7,,82,0,0
2012,54,Wayne,153,18,43,6,1,41,0,1,15,10,1,,2,3,,10,0,0
2012,53,Washington,129,10,39,7,4,21,1,1,11,10,5,,3,9,,8,0,0
2012,52,Warren,127,14,30,5,5,31,0,1,9,11,4,,0,7,,11,0,0
2012,51,Ulster,306,28,117,18,6,64,4,0,17,20,5,,2,8,,17,0,0
2012,50,Tompkins,186,16,53,13,12,31,7,1,15,12,1,,3,5,,0,0,17
2012,49,Tioga,99,4,22,6,7,10,1,5,8,9,2,,5,4,,15,0,0
2012,48,Sullivan,154,8,52,5,4,26,0,0,7,12,9,,8,9,,13,0,0
2012,47,Suffolk,1730,261,476,29,38,432,49,2,120,140,16,,12,15,,141,0,0
2012,46,Steuben,180,10,49,8,9,31,0,1,19,23,7,,0,6,,18,1,0
2012,45,Seneca,79,3,33,0,0,14,1,1,7,7,2,,2,1,,7,0,0
2012,44,Schuyler,50,2,13,2,3,8,0,1,3,4,2,,1,1,,9,0,0
2012,43,Schoharie,77,5,28,3,2,14,0,1,5,7,1,,1,3,,9,0,0
2012,42,Schenectady,231,25,102,25,1,27,2,1,11,17,7,,2,4,,6,0,0
2012,41,Saratoga,215,18,61,12,4,47,1,1,18,23,5,,6,10,,9,0,0
2012,40,St. Lawrence,246,21,48,20,13,52,4,2,17,25,6,,3,9,,26,1,0
2012,39,Rockland,401,36,140,2,19,80,2,4,29,25,9,,8,4,,24,17,3
2012,38,Rensselaer,234,31,86,5,8,36,0,1,15,18,6,,5,6,,17,0,0
2012,37,Putnam,80,3,19,4,4,22,1,0,4,5,2,,2,1,,13,0,0
2012,36,Otsego,127,9,52,1,5,23,0,1,6,6,1,,2,7,,14,0,0
2012,35,Oswego,268,18,112,12,0,39,0,2,20,22,6,,3,16,,16,0,0
2012,34,Orleans,85,6,23,5,2,14,0,1,6,10,1,,1,6,,12,0,0
2012,33,Orange,452,71,146,31,0,63,0,2,30,31,13,,14,7,,40,1,2
2012,32,Ontario,161,15,42,13,12,32,3,2,13,14,3,,0,8,,6,0,0
2012,31,Onondaga,724,104,205,31,1,144,17,2,54,53,16,,0,33,,60,4,0
2012,30,Oneida,470,83,105,16,6,64,20,3,43,46,12,,13,24,,38,0,0
2012,29,Niagara,422,45,99,28,17,58,0,1,73,42,9,,4,23,,23,0,0
2012,28,Nassau,863,127,259,37,31,177,2,4,43,63,7,,14,5,,94,0,0
2012,27,Montgomery,105,9,31,2,5,26,2,0,8,5,0,,2,6,,9,0,0
2012,26,Monroe,918,200,323,37,44,112,1,6,90,0,27,,8,41,,26,4,0
2012,25,Madison,120,8,33,17,3,19,0,1,9,13,1,,2,6,,8,0,0
2012,24,Livingston,142,11,42,10,11,23,0,2,8,11,1,,0,4,,19,0,0
2012,23,Lewis,68,5,20,1,4,8,0,1,6,6,2,,2,6,,8,0,0
2012,22,Jefferson,211,18,64,13,3,35,0,1,29,12,6,,5,8,,18,0,0
2012,21,Herkimer,135,8,30,8,6,20,0,1,14,14,1,,6,5,,19,0,2
2012,20,Hamilton,11,1,3,0,0,1,0,1,1,1,0,,1,0,,2,0,0
2012,19,Greene,109,10,35,2,2,15,4,2,6,9,6,,2,3,,15,0,0
2012,18,Genesee,112,5,36,10,4,18,0,0,8,9,3,,1,2,,15,0,0
2012,17,Fulton,130,7,39,1,9,16,6,1,11,11,6,,4,8,,12,0,0
2012,16,Franklin,139,16,49,3,3,23,1,2,2,16,4,,6,5,,10,0,0
2012,15,Essex,95,4,31,2,1,20,2,0,5,9,2,,3,3,,14,0,0
2012,14,Erie,1507,187,229,193,119,272,1,4,140,100,58,,5,65,,128,7,0
2012,13,Dutchess,363,40,102,35,7,44,0,2,21,36,9,,3,4,,61,0,0
2012,12,Delaware,94,1,33,7,1,20,0,1,8,10,1,,0,2,,11,0,0
2012,11,Cortland,128,16,43,11,6,13,0,1,9,11,3,,3,4,,9,0,0
2012,10,Columbia,153,9,39,18,6,25,1,1,9,11,6,,4,2,,19,2,0
2012,09,Clinton,184,14,64,10,8,30,2,1,11,13,3,,3,9,,15,0,0
2012,08,Chenango,118,7,26,5,3,21,0,3,3,11,2,,3,5,,10,20,0
2012,07,Chemung,180,14,60,16,3,26,0,1,16,16,7,,1,7,,13,0,0
2012,06,Chautauqua,314,29,99,7,12,58,9,1,21,33,8,,1,13,,25,0,0
2012,05,Cayuga,141,17,37,6,6,26,0,1,14,12,5,,4,3,,8,0,1
2012,04,Cattaraugus,193,22,47,5,23,33,0,0,15,18,2,,4,10,,14,0,0
2012,03,Broome,344,33,78,36,21,70,2,3,25,28,1,,7,9,,29,2,0
2012,02,Allegany,109,8,25,4,7,17,1,0,12,14,2,,1,6,,12,0,0
2012,01,Albany,510,47,160,17,24,55,3,2,23,30,19,,0,10,,53,62,5
2011,66,New York City,21838,4849,3121,1820,824,2615,40,188,1582,850,1147,,15,250,,226,921,3390
2011,57,Yates,45,1,15,1,1,8,0,1,3,4,0,,1,2,,8,0,0
2011,56,Wyoming,83,6,16,3,3,17,0,3,8,9,1,,2,10,,0,0,6
2011,55,Westchester,1126,140,382,73,36,203,8,3,60,70,38,,13,7,,93,0,0
2011,54,Wayne,152,17,41,7,1,40,0,1,13,10,1,,3,5,,11,0,0
2011,53,Washington,134,10,42,7,4,21,1,1,11,10,5,,3,9,,8,0,0
2011,52,Warren,129,13,31,6,5,33,0,1,8,11,3,,1,6,,12,0,0
2011,51,Ulster,307,26,109,26,7,63,5,0,18,19,6,,3,8,,17,0,0
2011,50,Tompkins,183,13,50,14,13,35,7,1,15,11,1,,3,4,,0,0,17
2011,49,Tioga,101,5,22,7,7,12,1,3,8,8,2,,5,5,,15,0,0
2011,48,Sullivan,176,14,55,5,3,28,0,0,12,13,10,,9,10,,15,0,0
2011,47,Suffolk,1733,251,482,29,49,420,47,2,116,145,16,,14,22,,140,0,0
2011,46,Steuben,191,10,51,9,10,31,0,1,20,24,8,,1,7,,19,1,0
2011,45,Seneca,79,3,33,0,0,16,1,1,6,7,2,,2,1,,7,0,0
2011,44,Schuyler,51,3,13,2,3,8,0,1,4,5,2,,1,1,,9,0,0
2011,43,Schoharie,78,6,27,3,2,14,0,0,5,7,1,,1,2,,9,0,0
2011,42,Schenectady,252,26,130,8,1,29,2,1,13,19,8,,2,6,,8,0,0
2011,41,Saratoga,214,17,61,14,4,44,1,1,15,26,5,,6,10,,9,0,0
2011,40,St. Lawrence,245,16,47,19,13,51,4,2,18,26,6,,3,11,,28,0,0
2011,39,Rockland,395,30,140,2,19,85,2,4,25,25,10,,6,2,,26,17,1
2011,38,Rensselaer,253,32,89,5,8,38,0,1,15,20,7,,6,12,,20,0,0
2011,37,Putnam,81,3,18,5,4,23,0,1,4,5,1,,2,1,,13,0,0
2011,36,Otsego,129,9,51,1,5,24,0,1,5,7,1,,3,7,,15,0,0
2011,35,Oswego,270,16,110,14,0,42,0,2,16,23,5,,3,21,,18,1,0
2011,34,Orleans,88,8,28,0,2,15,0,1,5,10,1,,1,6,,11,0,0
2011,33,Orange,461,69,147,32,0,67,0,3,28,33,14,,14,11,,41,1,2
2011,32,Ontario,157,15,42,9,10,31,3,4,12,14,3,,0,8,,7,0,0
2011,31,Onondaga,708,103,212,32,1,138,3,2,51,55,14,,0,30,,62,5,0
2011,30,Oneida,507,83,104,22,13,69,23,5,38,49,16,,16,30,,40,0,0
2011,29,Niagara,431,52,99,29,14,61,0,1,72,43,9,,5,25,,21,0,0
2011,28,Nassau,871,131,259,37,33,186,3,3,40,74,8,,3,2,,92,0,0
2011,27,Montgomery,111,9,33,2,6,28,2,1,8,7,0,,2,6,,8,0,0
2011,26,Monroe,940,203,332,45,40,108,7,7,86,0,27,,8,48,,29,0,0
2011,25,Madison,121,9,35,16,3,19,0,1,9,12,0,,2,6,,8,0,0
2011,24,Livingston,143,10,41,11,13,22,0,2,8,12,1,,0,4,,20,0,0
2011,23,Lewis,67,4,20,1,3,8,0,1,5,6,2,,2,7,,9,0,0
2011,22,Jefferson,208,16,67,5,2,43,0,1,26,13,5,,5,7,,19,0,0
2011,21,Herkimer,136,6,30,9,6,23,0,1,13,14,1,,6,6,,18,0,2
2011,20,Hamilton,11,0,2,0,1,1,0,0,1,1,1,,1,0,,2,0,0
2011,19,Greene,112,6,34,2,3,16,5,2,6,9,5,,2,2,,20,0,0
2011,18,Genesee,113,5,34,10,5,17,0,0,8,9,3,,1,5,,14,0,0
2011,17,Fulton,136,8,41,1,8,17,7,2,11,11,6,,3,7,,14,0,0
2011,16,Franklin,149,20,50,3,3,24,1,2,3,18,3,,6,6,,10,0,0
2011,15,Essex,94,4,30,2,1,20,2,0,5,9,2,,3,3,,14,0,0
2011,14,Erie,1600,194,228,205,136,297,2,6,138,107,63,,11,64,,142,8,0
2011,13,Dutchess,371,40,101,36,9,47,0,2,22,38,10,,3,4,,59,0,0
2011,12,Delaware,96,1,28,11,1,20,1,1,8,10,2,,0,2,,10,1,0
2011,11,Cortland,128,16,42,10,6,14,0,1,8,11,2,,3,5,,11,0,0
2011,10,Columbia,150,9,38,17,4,27,1,1,9,12,6,,4,2,,19,2,0
2011,09,Clinton,188,13,65,10,10,29,3,1,12,14,3,,3,9,,16,0,0
2011,08,Chenango,118,5,25,5,4,22,0,3,2,10,3,,3,3,,11,20,0
2011,07,Chemung,178,15,58,17,3,26,0,0,14,16,6,,1,7,,14,0,0
2011,06,Chautauqua,303,24,106,4,21,56,8,1,20,34,6,,1,5,,18,0,0
2011,05,Cayuga,143,17,36,7,7,26,0,1,14,13,5,,5,4,,8,0,1
2011,04,Cattaraugus,169,17,41,5,18,31,0,0,12,16,2,,6,8,,14,0,0
2011,03,Broome,322,31,73,36,20,67,2,2,23,25,1,,6,9,,26,2,0
2011,02,Allegany,109,8,25,4,7,17,1,0,13,13,2,,1,5,,13,0,0
2011,01,Albany,520,53,147,18,27,57,2,2,21,30,24,,0,14,,56,63,6
2010,66,New York City,22636,5167,3384,2095,829,2435,40,194,1604,850,1178,,14,233,,208,939,3465
2010,56,Wyoming,82,7,16,4,4,15,1,2,7,9,1,,2,10,,0,0,6
2010,55,Westchester,1221,154,406,89,36,210,8,3,62,76,44,,15,5,,111,0,0
2010,54,Wayne,150,18,40,7,2,41,0,1,11,11,1,,3,4,,10,0,0
2010,53,Washington,141,10,44,7,5,21,2,1,11,10,5,,4,12,,11,0,0
2010,52,Warren,128,13,33,7,4,30,0,1,10,11,3,,2,3,,11,0,0
2010,51,Ulster,317,27,121,17,9,63,6,0,18,21,7,,2,9,,18,0,0
2010,50,Tompkins,188,18,51,15,14,32,6,2,11,11,2,,3,6,,0,0,17
2010,49,Tioga,104,3,25,6,7,11,1,5,9,9,2,,5,5,,16,0,0
2010,48,Sullivan,193,15,57,4,4,36,0,0,13,16,13,,9,10,,15,0,0
2010,47,Suffolk,1724,242,483,29,47,398,45,2,117,154,18,,16,29,,145,0,0
2010,46,Steuben,201,10,54,10,11,27,2,1,17,27,8,,2,11,,20,1,0
2010,45,Seneca,83,3,32,1,0,13,1,1,6,7,2,,2,2,,13,0,0
2010,44,Schuyler,56,3,15,2,3,8,0,1,3,5,2,,2,2,,9,0,0
2010,43,Schoharie,80,5,29,3,2,17,0,0,4,7,1,,1,3,,9,0,0
2010,42,Schenectady,232,24,118,7,1,27,2,1,10,19,7,,2,7,,8,0,0
2010,41,Saratoga,216,17,61,15,5,45,1,1,14,28,5,,6,10,,9,0,0
2010,40,St. Lawrence,247,16,46,19,14,51,4,2,15,26,5,,3,15,,30,1,0
2010,39,Rockland,446,28,158,2,21,104,3,4,22,28,10,,9,3,,33,18,1
2010,38,Rensselaer,256,34,84,6,8,38,0,2,15,21,7,,6,12,,22,0,0
2010,37,Putnam,78,4,17,5,3,21,0,1,3,5,1,,2,1,,13,0,0
2010,36,Otsego,131,10,52,1,5,25,0,1,5,7,1,,3,8,,13,0,0
2010,35,Oswego,276,19,113,13,0,46,0,1,16,25,6,,3,16,,19,0,0
2010,34,Orleans,91,8,30,0,2,15,0,1,5,10,1,,1,6,,12,0,0
2010,33,Orange,464,68,147,33,0,69,0,4,23,35,16,,15,10,,41,1,2
2010,32,Ontario,155,15,43,9,9,30,3,2,11,15,3,,0,8,,7,0,0
2010,31,Onondaga,736,114,216,38,2,131,0,2,54,61,16,,1,28,,69,3,0
2010,30,Oneida,539,87,106,24,16,76,22,5,40,52,19,,16,32,,43,0,0
2010,29,Niagara,428,53,87,35,15,61,0,1,71,41,8,,5,31,,19,0,0
2010,28,Nassau,874,136,261,37,27,186,3,4,29,76,10,,1,7,,95,0,0
2010,27,Montgomery,114,9,34,2,6,28,2,1,8,8,0,,2,7,,8,0,0
2010,26,Monroe,964,230,342,45,37,108,8,7,68,0,32,,10,50,,28,0,0
2010,25,Madison,120,9,35,17,3,20,0,1,8,13,0,,2,6,,8,0,0
2010,24,Livingston,144,11,41,13,13,21,0,2,8,11,2,,0,5,,18,0,0
2010,23,Lewis,69,4,18,1,3,8,0,1,5,6,2,,2,8,,11,0,0
2010,22,Jefferson,211,18,67,6,0,43,0,1,26,13,5,,5,9,,18,0,0
2010,21,Herkimer,132,6,29,9,7,24,0,1,13,14,1,,6,5,,15,0,2
2010,20,Hamilton,10,1,2,0,0,1,0,0,1,1,1,,1,0,,2,0,0
2010,19,Greene,111,5,33,2,3,15,7,3,5,9,5,,2,1,,22,0,0
2010,18,Genesee,112,5,35,11,6,16,0,0,8,9,3,,1,5,,14,0,0
2010,17,Fulton,134,9,40,1,7,19,6,2,10,11,6,,3,7,,14,0,0
2010,16,Franklin,149,20,50,3,3,24,1,1,3,19,3,,5,7,,10,0,0
2010,15,Essex,94,5,30,2,1,21,2,0,4,9,2,,3,3,,13,0,0
2010,14,Erie,1586,199,230,193,141,298,2,6,122,111,61,,12,71,,134,8,0
2010,13,Dutchess,370,42,103,35,7,48,0,2,20,39,10,,3,5,,57,0,0
2010,12,Delaware,100,6,32,8,2,16,3,1,7,9,3,,0,1,,13,0,0
2010,11,Cortland,128,17,40,9,6,16,0,1,8,11,3,,3,5,,11,0,0
2010,10,Columbia,148,9,40,17,4,27,1,1,8,12,6,,4,3,,17,1,0
2010,09,Clinton,187,11,65,10,11,23,3,1,16,14,4,,3,9,,17,0,0
2010,57,Yates,45,1,15,1,1,8,0,1,3,4,0,,1,1,,8,0,0
2010,08,Chenango,118,4,25,6,5,23,0,3,1,10,3,,3,4,,11,20,0
2010,07,Chemung,181,14,58,17,3,23,0,1,15,17,8,,1,9,,15,0,0
2010,06,Chautauqua,316,31,105,3,20,58,8,1,20,33,7,,1,10,,20,0,0
2010,05,Cayuga,144,18,34,7,7,25,0,1,14,13,5,,6,5,,8,0,1
2010,04,Cattaraugus,184,18,44,6,21,32,0,0,15,17,2,,7,7,,16,0,0
2010,03,Broome,373,29,90,42,23,75,2,3,25,27,2,,7,17,,30,2,0
2010,02,Allegany,110,7,27,4,6,19,1,0,11,14,2,,1,5,,13,0,0
2010,01,Albany,551,52,160,20,25,64,3,2,20,32,26,,0,14,,63,64,6
2009,66,New York City,23712,5300,4602,1423,942,2390,43,191,1618,829,1204,,13,237,,173,1008,3739
2009,57,Yates,44,1,15,1,1,8,0,1,3,4,1,,0,2,,8,0,0
2009,56,Wyoming,83,8,15,5,3,16,0,1,8,9,1,,1,9,,0,0,7
2009,55,Westchester,1210,150,406,97,33,218,8,2,53,77,45,,16,4,,101,0,0
2009,54,Wayne,148,19,40,7,2,41,0,1,12,10,1,,3,3,,10,0,0
2009,53,Washington,148,11,44,7,5,26,3,1,11,11,4,,4,10,,11,0,0
2009,52,Warren,131,15,34,7,3,28,0,1,11,11,3,,2,3,,11,1,0
2009,51,Ulster,322,30,122,20,11,64,6,0,16,22,9,,2,7,,14,0,0
2009,50,Tompkins,194,25,55,17,13,29,6,2,8,12,2,,3,6,,0,0,14
2009,49,Tioga,105,6,25,5,7,11,1,2,9,9,2,,5,6,,17,0,0
2009,48,Sullivan,179,12,56,5,4,35,0,1,12,17,12,,3,10,,13,0,0
2009,47,Suffolk,1647,229,485,31,49,310,45,2,109,158,20,,19,38,,153,0,0
2009,46,Steuben,205,14,53,10,12,29,0,1,17,27,8,,2,7,,23,1,0
2009,45,Seneca,83,4,29,1,0,18,1,1,5,7,2,,2,3,,9,0,0
2009,44,Schuyler,54,3,15,2,3,7,0,1,3,5,2,,1,1,,9,0,0
2009,43,Schoharie,81,5,27,3,3,15,0,0,5,8,1,,1,2,,9,0,0
2009,42,Schenectady,228,25,114,7,0,25,2,1,10,19,7,,4,4,,10,0,0
2009,41,Saratoga,207,16,61,13,4,43,0,1,13,27,5,,6,9,,10,0,0
2009,40,St. Lawrence,248,17,45,20,14,52,4,2,15,27,5,,4,14,,29,1,0
2009,39,Rockland,469,33,162,1,25,104,2,2,21,31,11,,10,4,,41,19,1
2009,38,Rensselaer,249,39,80,6,7,33,0,2,14,22,7,,6,13,,22,0,0
2009,37,Putnam,75,4,16,5,4,21,0,1,2,5,1,,2,2,,12,0,0
2009,36,Otsego,132,10,54,1,5,23,0,1,4,7,1,,3,9,,14,0,0
2009,35,Oswego,234,21,85,12,0,33,0,2,16,24,5,,2,15,,19,0,0
2009,34,Orleans,91,7,25,5,2,15,0,1,6,10,1,,1,6,,12,0,0
2009,33,Orange,453,67,140,38,0,69,0,4,20,35,16,,16,6,,40,1,2
2009,32,Ontario,155,14,40,10,9,31,3,2,11,15,3,,0,8,,7,1,0
2009,31,Onondaga,733,113,212,45,2,124,0,2,55,62,17,,1,26,,71,3,0
2009,30,Oneida,537,84,105,25,15,78,22,5,38,52,19,,17,32,,45,0,0
2009,29,Niagara,410,53,87,35,18,56,0,1,62,41,9,,4,22,,19,0,0
2009,28,Nassau,906,137,257,47,28,190,4,5,26,79,11,,7,15,,101,0,0
2009,27,Montgomery,108,8,33,2,5,27,2,1,8,7,1,,2,5,,8,0,0
2009,26,Monroe,957,218,362,47,44,92,8,6,64,0,30,,9,49,,30,0,0
2009,25,Madison,117,8,33,17,3,20,0,1,8,12,0,,0,5,,10,0,0
2009,24,Livingston,146,10,43,13,11,20,0,2,9,13,2,,0,6,,17,0,0
2009,23,Lewis,69,3,17,1,3,9,0,1,6,6,1,,2,7,,12,0,0
2009,22,Jefferson,210,15,66,8,0,41,0,1,28,12,5,,4,11,,18,0,0
2009,21,Herkimer,134,6,32,7,7,25,0,1,13,15,2,,6,7,,14,0,0
2009,20,Hamilton,10,0,0,2,0,1,0,0,1,1,1,,1,0,,2,0,0
2009,19,Greene,111,5,34,2,4,16,6,3,4,9,4,,3,2,,19,0,0
2009,18,Genesee,113,5,34,11,6,16,0,1,7,9,3,,1,3,,15,0,0
2009,17,Fulton,136,9,41,1,7,19,6,2,11,11,6,,3,8,,14,0,0
2009,16,Franklin,147,20,51,3,3,24,1,1,4,19,3,,4,6,,10,0,0
2009,15,Essex,93,6,29,3,2,20,2,0,4,9,2,,3,2,,12,0,0
2009,14,Erie,1536,182,231,171,146,295,2,6,127,106,54,,11,66,,132,7,0
2009,13,Dutchess,355,40,99,32,9,48,0,2,21,35,10,,3,2,,55,0,0
2009,12,Delaware,101,8,36,5,3,14,3,1,6,8,3,,0,1,,14,0,0
2009,11,Cortland,129,17,38,8,6,16,0,1,9,11,2,,3,7,,12,0,0
2009,10,Columbia,151,10,40,15,3,29,1,1,8,10,7,,4,2,,20,0,0
2009,09,Clinton,186,12,65,10,11,24,3,1,15,15,4,,3,8,,16,0,0
2009,08,Chenango,116,5,25,4,5,18,0,2,6,10,5,,3,4,,10,20,0
2009,07,Chemung,178,16,56,17,3,22,0,1,11,17,9,,2,10,,14,0,0
2009,06,Chautauqua,309,32,108,3,23,49,8,1,18,33,6,,1,8,,18,0,0
2009,05,Cayuga,145,17,34,6,7,27,0,1,13,13,6,,6,5,,9,0,1
2009,04,Cattaraugus,181,17,39,7,20,33,0,0,17,18,2,,6,7,,15,0,0
2009,03,Broome,431,34,83,43,24,74,2,2,22,29,2,,7,21,,27,60,1
2009,02,Allegany,112,8,28,4,5,20,1,0,12,14,2,,1,5,,12,0,0
2009,01,Albany,574,62,164,21,28,66,4,2,26,32,25,,0,14,,64,65,4
2008,66,New York City,25355,5860,4864,1185,1054,2303,40,191,1598,774,1228,,16,177,,112,1772,4182
2008,57,Yates,43,2,13,1,1,7,0,1,3,4,1,,1,1,,9,0,0
2008,56,Wyoming,82,7,16,5,2,16,0,2,7,9,2,,2,8,,0,0,7
2008,55,Westchester,1180,149,387,94,38,217,8,2,49,76,45,,16,4,,95,0,0
2008,54,Wayne,146,18,41,7,3,39,0,1,10,10,2,,3,3,,10,0,0
2008,53,Washington,142,13,37,7,6,25,4,1,10,10,4,,4,11,,9,0,0
2008,52,Warren,127,15,33,7,4,26,0,1,9,12,3,,2,3,,12,0,0
2008,51,Ulster,302,26,107,18,14,63,6,0,15,20,11,,3,5,,14,0,0
2008,50,Tompkins,181,24,52,15,12,24,6,2,8,13,2,,3,4,,0,0,15
2008,49,Tioga,105,9,24,5,7,10,1,5,8,10,2,,5,5,,16,0,0
2008,48,Sullivan,181,14,58,5,0,34,0,1,11,16,10,,6,8,,17,2,0
2008,47,Suffolk,1572,239,481,30,47,263,42,2,92,161,16,,21,27,,152,0,0
2008,46,Steuben,201,16,53,8,11,27,0,1,20,28,8,,2,5,,15,1,7
2008,45,Seneca,84,6,29,3,0,17,1,1,4,7,2,,2,2,,10,0,0
2008,44,Schuyler,52,3,15,2,3,7,0,1,3,5,2,,2,1,,8,0,0
2008,43,Schoharie,76,5,26,2,3,13,0,1,5,8,1,,1,3,,9,0,0
2008,42,Schenectady,233,28,114,8,0,23,2,1,11,21,10,,2,4,,9,0,0
2008,41,Saratoga,202,12,69,6,4,41,0,1,12,28,4,,5,8,,11,1,0
2008,40,St. Lawrence,247,22,44,20,14,51,4,2,16,27,6,,4,7,,29,1,0
2008,39,Rockland,477,37,163,2,26,105,3,2,23,32,12,,10,3,,37,20,3
2008,38,Rensselaer,247,45,80,6,7,31,0,2,12,22,6,,6,10,,21,0,0
2008,37,Putnam,77,3,17,5,4,21,0,1,3,5,1,,2,2,,12,0,0
2008,36,Otsego,132,10,53,1,4,22,0,1,5,6,1,,3,9,,16,0,0
2008,35,Oswego,225,23,82,10,1,30,0,1,15,24,4,,3,15,,17,0,0
2008,34,Orleans,92,9,30,0,3,15,0,1,5,9,1,,1,5,,11,0,0
2008,33,Orange,466,70,135,40,0,76,0,4,20,39,16,,16,8,,40,1,2
2008,32,Ontario,150,13,37,10,8,32,1,3,12,15,2,,0,7,,6,3,0
2008,31,Onondaga,740,115,219,49,3,123,0,2,52,63,16,,1,20,,76,2,0
2008,30,Oneida,520,84,82,37,16,75,18,5,38,51,19,,17,39,,41,0,0
2008,29,Niagara,411,60,88,37,18,58,0,1,54,39,9,,4,22,,18,2,0
2008,28,Nassau,926,130,266,39,28,194,4,6,24,86,11,,25,13,,101,0,0
2008,27,Montgomery,102,9,30,2,5,25,1,1,6,8,1,,2,5,,8,0,0
2008,26,Monroe,871,190,288,32,43,84,7,5,69,0,39,,9,77,,29,0,0
2008,25,Madison,114,7,32,14,3,19,0,1,10,12,0,,0,6,,11,0,0
2008,24,Livingston,144,10,40,14,10,19,0,2,10,14,2,,0,5,,18,0,0
2008,23,Lewis,68,2,18,1,3,10,0,1,5,6,1,,2,6,,12,0,0
2008,22,Jefferson,206,18,62,8,0,38,0,1,26,12,6,,4,11,,20,0,0
2008,21,Herkimer,132,7,37,3,4,29,0,1,10,14,3,,5,6,,14,0,0
2008,20,Hamilton,10,0,0,1,0,1,0,0,1,1,1,,1,0,,2,0,0
2008,19,Greene,107,5,33,2,4,17,5,3,4,8,2,,3,2,,19,0,0
2008,18,Genesee,112,5,34,10,6,15,0,1,8,9,4,,2,3,,15,0,0
2008,17,Fulton,136,9,40,1,7,20,7,2,9,10,6,,3,8,,14,0,0
2008,16,Franklin,141,20,48,3,3,22,1,1,4,19,3,,3,4,,9,0,0
2008,15,Essex,92,5,29,3,2,19,2,0,4,10,2,,3,2,,11,0,0
2008,14,Erie,1516,189,210,171,150,298,2,4,126,107,49,,12,68,,124,7,0
2008,13,Dutchess,356,39,99,32,10,46,0,2,21,37,10,,4,1,,55,0,0
2008,12,Delaware,101,8,36,5,3,14,3,1,6,8,3,,0,1,,14,0,0
2008,11,Cortland,121,16,35,7,7,15,0,1,8,11,2,,3,5,,11,0,0
2008,10,Columbia,145,10,37,15,3,27,1,1,7,12,7,,5,2,,20,0,0
2008,09,Clinton,186,12,64,10,13,24,3,1,14,15,3,,3,7,,16,0,0
2008,08,Chenango,115,5,25,4,6,16,0,2,5,11,7,,3,2,,10,19,0
2008,07,Chemung,173,18,49,17,2,21,0,1,11,17,8,,2,12,,17,0,0
2008,06,Chautauqua,311,33,107,3,23,47,9,1,17,35,8,,1,9,,20,0,0
2008,05,Cayuga,142,17,33,6,7,26,0,1,12,13,6,,6,5,,9,0,1
2008,04,Cattaraugus,178,18,0,42,19,35,0,0,18,18,2,,6,6,,14,0,0
2008,03,Broome,447,35,87,39,26,70,2,3,22,29,2,,7,19,,28,79,1
2008,02,Allegany,112,8,28,4,6,18,1,0,11,14,2,,1,7,,11,0,0
2008,01,Albany,571,62,164,22,21,64,5,3,24,32,24,,0,11,,67,68,4
2007,66,New York City,24324,5928,4672,1174,982,2237,42,187,1507,744,1280,,17,106,,49,1659,3741
2007,57,Yates,41,2,13,1,1,7,1,1,2,4,1,,1,1,,7,0,0
2007,56,Wyoming,81,7,15,5,2,15,0,3,7,8,2,,1,8,,0,0,7
2007,55,Westchester,1156,166,370,84,31,214,8,3,43,75,44,,18,5,,94,0,0
2007,54,Wayne,145,19,41,7,3,35,0,1,9,12,2,,2,3,,9,0,0
2007,53,Washington,134,12,36,7,5,23,4,2,10,10,4,,4,8,,8,0,0
2007,52,Warren,128,12,34,7,4,28,0,1,11,11,3,,2,2,,14,0,0
2007,51,Ulster,304,30,101,19,13,62,5,2,15,18,11,,2,5,,21,0,0
2007,50,Tompkins,175,26,48,15,8,19,7,1,9,13,2,,3,6,,0,1,16
2007,49,Tioga,104,7,23,6,6,10,1,6,7,11,2,,5,4,,17,0,0
2007,48,Sullivan,192,15,59,6,0,33,0,1,12,18,11,,9,9,,19,1,0
2007,47,Suffolk,1533,255,466,33,46,228,43,3,90,165,18,,21,22,,143,0,0
2007,46,Steuben,190,16,55,7,11,24,0,2,17,25,5,,2,3,,0,1,22
2007,45,Seneca,85,6,34,0,1,16,1,1,3,7,2,,2,2,,10,0,0
2007,44,Schuyler,50,2,14,2,3,7,0,1,4,5,1,,2,1,,8,0,0
2007,43,Schoharie,72,4,24,2,3,13,0,0,5,7,1,,1,2,,9,0,0
2007,42,Schenectady,218,31,100,8,0,22,2,1,10,20,9,,4,4,,9,0,0
2007,41,Saratoga,206,11,68,8,3,42,0,1,15,29,5,,5,8,,11,1,0
2007,40,St. Lawrence,249,21,44,20,16,51,4,2,17,27,6,,4,8,,29,1,0
2007,39,Rockland,492,45,166,4,24,102,3,3,24,33,16,,10,6,,35,19,3
2007,38,Rensselaer,251,48,73,13,7,33,0,2,11,23,6,,5,9,,23,0,0
2007,37,Putnam,79,3,16,5,4,20,0,1,3,5,1,,2,2,,15,1,0
2007,36,Otsego,135,11,57,1,4,25,0,1,7,6,1,,2,3,,16,0,0
2007,35,Oswego,220,25,79,10,1,30,0,1,16,24,3,,4,10,,16,0,0
2007,34,Orleans,92,11,29,0,5,16,0,1,5,10,1,,1,5,,0,0,9
2007,33,Orange,462,68,134,42,0,72,0,4,29,39,15,,15,3,,38,1,2
2007,32,Ontario,142,13,39,10,2,32,1,2,14,15,2,,0,5,,7,0,0
2007,31,Onondaga,729,111,216,48,3,121,0,2,55,62,13,,1,21,,75,3,0
2007,30,Oneida,518,82,96,23,18,77,18,6,36,49,19,,16,37,,40,0,0
2007,29,Niagara,412,67,82,44,20,63,0,1,43,41,9,,4,23,,17,0,0
2007,28,Nassau,926,128,277,41,31,178,6,5,26,95,11,,25,9,,96,0,0
2007,27,Montgomery,94,7,27,2,4,21,1,1,7,8,0,,1,4,,11,0,0
2007,26,Monroe,829,209,291,29,43,75,6,5,54,0,40,,9,39,,29,0,0
2007,25,Madison,115,7,32,14,3,19,0,1,9,13,0,,1,5,,10,0,0
2007,24,Livingston,140,9,38,14,9,19,0,2,11,14,2,,0,6,,16,0,0
2007,23,Lewis,63,3,17,1,3,9,0,1,5,6,1,,2,3,,11,0,0
2007,22,Jefferson,207,22,60,8,0,38,0,1,26,13,6,,4,10,,20,0,0
2007,21,Herkimer,133,7,36,3,5,31,0,1,8,14,2,,5,5,,15,0,0
2007,20,Hamilton,10,0,0,1,0,1,0,0,1,1,2,,1,0,,2,0,0
2007,19,Greene,105,5,32,2,4,15,6,3,4,9,2,,3,2,,18,0,0
2007,18,Genesee,110,6,34,11,7,14,0,1,7,9,4,,2,2,,14,0,0
2007,17,Fulton,134,8,40,1,6,21,7,1,10,10,6,,3,7,,13,0,0
2007,16,Franklin,136,20,45,1,3,22,1,1,4,19,2,,3,5,,11,0,0
2007,15,Essex,88,5,27,2,2,19,2,1,4,9,2,,3,2,,10,0,0
2007,14,Erie,1461,189,201,176,150,281,2,5,100,105,47,,9,62,,129,6,0
2007,13,Dutchess,350,42,99,33,5,41,0,2,22,36,10,,5,0,,54,0,0
2007,12,Delaware,106,9,35,5,3,15,3,1,7,9,3,,0,1,,16,0,0
2007,11,Cortland,116,13,34,7,8,14,0,1,7,11,2,,3,4,,11,0,0
2007,10,Columbia,138,10,34,15,3,23,1,1,7,11,7,,5,1,,20,0,0
2007,09,Clinton,181,12,59,10,13,24,3,1,14,15,4,,3,7,,16,0,0
2007,08,Chenango,112,4,24,4,6,14,0,2,4,11,7,,3,2,,10,20,0
2007,07,Chemung,165,18,49,14,3,19,0,1,9,17,7,,1,10,,15,0,0
2007,06,Chautauqua,304,40,107,3,18,44,10,1,14,35,7,,1,6,,20,0,0
2007,05,Cayuga,139,18,34,6,7,23,0,1,11,12,6,,6,6,,9,0,1
2007,04,Cattaraugus,176,20,0,43,16,34,0,0,16,17,2,,6,6,,16,0,0
2007,03,Broome,443,37,90,34,27,67,2,2,21,27,2,,7,19,,28,80,1
2007,02,Allegany,110,15,4,25,5,20,0,0,12,14,3,,1,5,,7,0,0
2007,01,Albany,557,62,154,31,21,63,5,3,25,31,14,,1,10,,67,68,4
2006,66,New York City,25431,5623,4667,1240,1089,2458,45,191,1680,784,1388,,14,122,,57,2347,3727
2006,57,Yates,38,1,13,1,0,6,0,1,2,4,1,,1,1,,6,0,0
2006,56,Wyoming,80,7,14,6,2,15,1,2,8,7,2,,2,7,,0,0,9
2006,55,Westchester,1123,166,342,83,30,217,8,3,38,77,45,,19,3,,91,0,0
2006,54,Wayne,143,19,41,7,2,32,0,1,10,12,2,,3,4,,9,0,0
2006,53,Washington,132,12,37,7,5,21,3,1,10,10,4,,4,8,,8,0,0
2006,52,Warren,125,12,31,7,5,26,0,1,10,11,3,,2,4,,14,0,0
2006,51,Ulster,307,24,98,23,16,60,6,2,16,18,11,,2,7,,23,0,0
2006,50,Tompkins,169,26,48,14,3,19,6,1,10,14,2,,3,6,,0,1,16
2006,49,Tioga,101,6,22,4,4,11,1,6,7,11,2,,5,6,,16,0,0
2006,48,Sullivan,188,14,57,5,0,31,0,1,12,18,11,,9,10,,20,0,0
2006,47,Suffolk,1481,266,443,35,25,204,43,5,85,159,16,,24,36,,139,0,0
2006,46,Steuben,187,15,55,7,10,22,0,1,18,27,5,,3,2,,0,1,21
2006,45,Seneca,82,6,33,0,3,14,1,1,4,7,3,,2,2,,7,0,0
2006,44,Schuyler,48,2,13,2,2,7,0,1,3,5,1,,2,2,,8,0,0
2006,43,Schoharie,73,5,23,2,3,11,0,0,6,8,1,,1,3,,9,0,0
2006,42,Schenectady,220,29,106,6,0,20,2,1,11,18,10,,4,5,,8,0,0
2006,41,Saratoga,202,10,67,9,5,37,0,1,13,28,5,,4,10,,11,1,0
2006,40,St. Lawrence,247,22,43,20,17,50,4,2,16,27,6,,5,11,,25,1,0
2006,39,Rockland,500,46,156,15,23,86,3,3,21,31,20,,27,6,,42,19,3
2006,38,Rensselaer,245,40,50,33,4,33,0,2,17,20,4,,3,14,,23,0,0
2006,37,Putnam,77,3,15,5,4,18,1,1,3,6,1,,2,3,,15,0,0
2006,36,Otsego,136,10,60,1,4,27,1,1,7,6,1,,3,3,,14,0,0
2006,35,Oswego,215,25,77,11,1,30,0,1,13,24,4,,3,10,,16,1,0
2006,34,Orleans,88,11,29,0,2,15,0,1,5,10,1,,1,4,,0,0,10
2006,33,Orange,457,61,130,43,0,68,0,4,35,40,14,,14,6,,39,1,2
2006,32,Ontario,142,12,40,9,3,31,1,1,13,15,2,,0,7,,8,0,0
2006,31,Onondaga,728,115,213,50,3,115,0,3,52,63,12,,1,24,,74,2,0
2006,30,Oneida,523,84,95,25,19,78,20,7,34,51,25,,17,29,,40,0,0
2006,29,Niagara,423,81,77,46,19,68,0,1,30,44,10,,4,24,,19,0,0
2006,28,Nassau,938,134,297,24,22,169,7,6,29,104,11,,25,12,,99,0,0
2006,27,Montgomery,94,8,26,2,3,20,1,1,6,8,0,,1,5,,13,0,0
2006,26,Monroe,802,203,312,6,35,75,6,7,55,0,32,,9,36,,25,0,0
2006,25,Madison,112,7,30,14,3,19,0,1,9,13,0,,1,5,,10,0,0
2006,24,Livingston,137,9,35,15,9,17,0,2,10,12,2,,0,8,,17,0,0
2006,23,Lewis,61,3,17,0,3,8,0,1,4,6,1,,2,3,,13,0,0
2006,22,Jefferson,206,22,57,7,0,38,0,1,26,13,5,,5,10,,22,0,0
2006,21,Herkimer,129,11,36,2,4,28,0,1,7,13,3,,6,8,,10,0,0
2006,20,Hamilton,9,0,0,1,1,1,0,1,1,1,1,,1,1,,2,0,0
2006,19,Greene,101,5,29,2,5,12,6,1,5,9,2,,3,3,,19,0,0
2006,18,Genesee,108,5,32,10,6,13,0,1,7,9,3,,2,6,,15,0,0
2006,17,Fulton,131,10,39,0,6,20,7,2,10,10,5,,3,6,,13,0,0
2006,16,Franklin,134,20,43,1,2,21,1,0,3,19,3,,3,6,,11,0,0
2006,15,Essex,84,4,25,2,1,18,2,1,3,9,3,,3,2,,10,1,0
2006,14,Erie,1410,168,195,180,124,267,1,5,99,109,46,,11,68,,134,3,0
2006,13,Dutchess,343,37,98,30,9,41,0,2,23,36,11,,5,1,,50,0,0
2006,12,Delaware,104,7,34,5,3,15,3,1,7,9,3,,0,2,,16,0,0
2006,11,Cortland,115,14,32,6,7,14,0,1,7,11,2,,3,6,,11,0,0
2006,10,Columbia,133,10,29,16,3,21,1,1,6,10,8,,5,4,,18,0,0
2006,09,Clinton,179,13,58,10,12,23,3,1,15,15,4,,3,7,,16,0,0
2006,08,Chenango,110,4,25,5,6,13,0,3,3,11,7,,3,2,,9,19,0
2006,07,Chemung,161,15,49,15,2,15,1,1,9,19,8,,1,14,,13,0,0
2006,06,Chautauqua,304,35,106,3,22,42,10,1,15,36,6,,1,8,,20,0,0
2006,05,Cayuga,69,9,17,3,3,11,0,1,6,6,3,,3,4,,5,0,1
2006,04,Cattaraugus,174,18,0,44,15,32,0,0,18,18,2,,6,6,,15,0,0
2006,03,Broome,460,39,91,30,23,63,5,2,20,49,1,,7,19,,29,82,1
2006,02,Allegany,110,16,0,28,4,19,0,0,12,14,3,,1,7,,6,0,0
2006,01,Albany,548,61,172,14,20,58,4,3,26,32,12,,1,9,,67,67,3
2005,66,New York City,23273,5692,4540,739,698,2304,45,170,1575,760,1241,,12,122,,53,2123,3199
2005,57,Yates,41,1,13,1,1,6,0,1,2,4,1,,2,1,,8,0,0
2005,56,Wyoming,78,6,16,4,3,17,1,2,8,7,2,,2,4,,0,0,7
2005,55,Westchester,1121,171,348,61,41,216,8,3,37,78,44,,21,4,,90,0,0
2005,54,Wayne,141,19,43,5,2,31,0,1,10,11,3,,3,5,,8,0,0
2005,53,Washington,130,12,39,6,5,21,4,1,10,10,4,,4,5,,8,0,0
2005,52,Warren,120,13,31,5,4,21,0,1,11,11,2,,2,4,,14,0,0
2005,51,Ulster,300,31,101,18,9,58,5,2,15,18,11,,2,7,,21,0,0
2005,50,Tompkins,171,26,50,12,5,19,7,1,10,14,3,,3,4,,4,1,13
2005,49,Tioga,98,8,20,3,3,10,1,7,5,10,2,,5,7,,17,0,0
2005,48,Sullivan,182,15,57,4,0,30,0,1,9,19,11,,8,9,,20,0,0
2005,47,Suffolk,1470,269,451,26,20,191,44,7,80,156,17,,28,40,,144,0,0
2005,46,Steuben,190,14,58,5,12,20,0,1,19,30,5,,3,3,,0,1,20
2005,45,Seneca,85,7,33,0,2,13,1,1,5,7,3,,2,5,,7,0,0
2005,44,Schuyler,46,2,14,2,1,6,0,1,3,5,1,,2,2,,8,0,0
2005,43,Schoharie,72,4,24,1,3,11,0,0,6,9,1,,1,3,,9,0,0
2005,42,Schenectady,224,28,108,5,0,19,2,1,12,20,10,,4,7,,9,0,0
2005,41,Saratoga,199,9,71,7,5,33,0,1,13,27,5,,5,12,,11,1,0
2005,40,St. Lawrence,248,22,46,14,16,48,4,2,16,27,6,,5,16,,27,1,0
2005,39,Rockland,488,43,150,9,19,94,3,3,22,32,20,,15,16,,37,21,3
2005,38,Rensselaer,246,38,59,24,5,31,0,2,17,22,4,,3,17,,24,0,0
2005,37,Putnam,77,3,16,4,4,17,2,1,3,6,1,,2,4,,14,0,0
2005,36,Otsego,139,9,62,0,4,23,4,1,8,5,0,,3,3,,16,0,0
2005,35,Oswego,215,28,77,8,1,28,0,1,13,24,3,,3,12,,16,1,0
2005,34,Orleans,84,9,27,1,2,14,0,1,4,9,1,,1,6,,0,0,10
2005,33,Orange,462,68,153,26,0,66,0,4,32,38,14,,12,7,,37,1,2
2005,32,Ontario,140,13,43,7,2,28,2,2,10,15,2,,0,7,,8,0,0
2005,31,Onondaga,734,130,219,46,3,109,0,4,50,63,12,,3,18,,73,2,0
2005,30,Oneida,537,96,96,25,18,76,17,7,35,52,28,,18,27,,41,0,0
2005,29,Niagara,422,78,86,35,20,72,0,1,26,42,12,,5,24,,20,0,0
2005,28,Nassau,939,123,297,28,15,169,8,6,29,107,12,,33,17,,97,0,0
2005,27,Montgomery,96,9,27,1,3,20,1,1,6,8,1,,1,4,,13,0,0
2005,26,Monroe,796,200,271,24,40,80,7,7,57,0,32,,12,39,,28,0,0
2005,25,Madison,111,7,33,9,3,18,0,1,10,13,1,,1,5,,11,0,0
2005,24,Livingston,136,9,36,11,11,18,0,2,10,12,2,,0,8,,17,0,0
2005,23,Lewis,63,3,18,0,1,9,0,1,4,6,2,,2,3,,14,0,0
2005,22,Jefferson,211,19,62,6,1,37,0,1,25,14,6,,5,13,,21,0,0
2005,21,Herkimer,128,11,38,2,1,27,0,1,10,13,3,,5,9,,9,0,0
2005,20,Hamilton,10,1,0,1,1,1,0,0,1,2,1,,1,0,,2,0,0
2005,19,Greene,101,5,30,2,4,13,6,3,5,8,2,,3,3,,19,0,0
2005,18,Genesee,108,5,35,8,6,13,0,1,6,10,3,,2,4,,15,0,0
2005,17,Fulton,131,9,38,0,5,20,7,2,10,11,6,,4,6,,14,0,0
2005,16,Franklin,133,19,43,1,3,22,1,0,4,19,4,,3,5,,11,0,0
2005,15,Essex,82,4,23,2,1,19,2,1,3,10,3,,3,2,,9,0,0
2005,14,Erie,1598,188,252,142,145,304,2,6,109,119,55,,15,103,,158,1,0
2005,13,Dutchess,344,38,107,22,8,39,0,2,21,37,11,,6,4,,48,0,0
2005,12,Delaware,100,6,32,3,3,14,3,1,7,9,3,,0,3,,16,0,0
2005,11,Cortland,116,14,38,2,7,12,0,1,11,11,2,,3,6,,10,0,0
2005,10,Columbia,129,8,33,11,3,19,1,1,6,11,7,,5,5,,19,0,0
2005,09,Clinton,179,14,58,8,11,22,3,1,15,15,4,,3,8,,17,0,0
2005,08,Chenango,107,4,27,3,5,9,0,3,5,10,7,,3,2,,10,19,0
2005,07,Chemung,156,14,51,11,3,18,0,1,8,18,7,,1,12,,13,0,0
2005,06,Chautauqua,309,39,99,2,20,42,10,1,14,36,7,,2,11,,26,0,0
2005,05,Cayuga,135,17,35,5,7,22,0,1,11,10,5,,4,6,,9,0,1
2005,04,Cattaraugus,181,24,18,26,16,34,0,1,14,19,3,,6,6,,14,0,0
2005,03,Broome,427,38,98,22,22,61,5,2,20,27,2,,7,17,,26,80,1
2005,02,Allegany,113,16,7,22,4,20,0,0,13,15,2,,2,6,,7,0,0
2005,01,Albany,532,77,167,14,13,52,4,3,24,30,12,,1,14,,56,64,3
